emotion,pitch,intensity,mfcc_0,mfcc_1,mfcc_2,mfcc_3,mfcc_4,mfcc_5,mfcc_6,mfcc_7,mfcc_8,mfcc_9,mfcc_10,mfcc_11,mfcc_12
01,1772.7737,0.002256089,-697.7926,54.89004,0.6634652,12.435786,7.7339506,0.5307501,-3.216631,-3.1593947,-10.977551,-2.848711,0.81529754,-3.0370667,1.9554468
01,1778.1255,0.0024186159,-692.8558,55.3639,-1.5483192,16.038307,8.81881,-0.14658625,-1.3733919,-5.29318,-11.623182,-1.3482836,0.8437146,-2.6412783,1.0172496
01,1789.1708,0.002809294,-691.5879,58.024662,0.15946469,13.62465,5.374112,1.1623365,-2.0833597,-5.382585,-10.332824,-3.6620808,0.5606006,-2.8382254,1.8347856
01,1712.2599,0.0026172653,-685.10547,55.87942,2.783262,13.252024,6.9896684,2.9812741,-1.5860289,-6.961661,-10.348489,-3.270769,1.1761655,-1.4986562,0.5515501
02,1811.1483,0.0016532314,-727.1044,62.355034,3.121181,15.064671,8.132434,1.927084,-3.2746563,-3.7617917,-9.7502985,-4.8538365,0.99631536,-3.1160698,0.5463205
02,1847.5775,0.001752111,-707.3582,66.736465,2.2534883,11.169916,9.74208,1.058092,-4.4261856,-4.6836147,-8.313273,-4.8136663,1.7525572,-2.3765423,-0.20691955
02,1781.8867,0.0026211368,-697.16614,65.1082,0.93036777,13.633627,5.959596,2.8950698,-1.3418186,-4.775753,-8.671515,-4.5529985,1.9706045,-1.6276461,1.4267263
02,1687.7242,0.002669931,-698.6377,68.698586,1.1003666,13.685944,8.338751,2.0671213,-0.6167906,-5.732325,-7.8613234,-4.411919,1.0114723,-1.7058654,1.593434
02,1823.3536,0.0015008143,-734.1256,70.53291,4.2251797,13.866501,9.2765255,1.8420302,-3.7091064,-2.8845074,-6.3325033,-4.483915,2.006491,-0.029675055,-0.17859086
02,1857.4028,0.0016126233,-697.8223,67.33959,-0.44955143,11.884349,6.899115,0.57238865,-4.5503764,-6.025094,-7.9348655,-4.8724413,2.6747522,-1.4644698,-1.1086313
02,1793.9218,0.0020959415,-704.5413,68.82944,4.728955,11.950599,5.6388826,5.8340936,-4.8624907,-4.862799,-8.308453,-4.8761907,2.3179216,1.222751,0.59549457
02,1875.3195,0.0021334921,-690.9957,65.29337,-3.5145001,14.551637,6.7378373,2.9514792,-4.3670077,-8.268066,-9.742737,-3.7135794,3.773647,-0.95878893,-0.26622182
03,1672.7345,0.0042630234,-645.9547,63.116707,-4.3889427,12.588354,4.2411594,-2.9022603,-5.6718726,-6.6233625,-11.532383,-2.380413,-1.2910125,-6.802653,1.1827942
03,1844.2316,0.004905267,-631.407,62.999477,-5.8192096,15.460055,6.526638,-1.5888867,-6.597417,-4.806329,-13.677246,-1.3645011,0.13336664,-6.3668647,3.4054484
03,1847.2131,0.0037491552,-656.2289,62.20653,-2.3432076,12.91607,1.8241278,-0.17071337,-5.6699896,-7.286775,-13.776975,-3.3122015,2.3617578,-7.0014296,1.9307773
03,1698.2484,0.0037530952,-652.70056,57.02253,0.41843987,18.289316,2.6309884,0.41835546,-2.5292726,-6.284705,-13.434198,-3.6181445,0.6169871,-4.589428,2.576322
03,1865.7568,0.0064394563,-596.5581,49.15078,-5.9865155,5.6085687,-1.2716348,-1.2067615,-12.03728,-8.81426,-11.101425,-8.968307,-0.6817095,-7.0525784,-1.9013768
03,1743.6526,0.0082052145,-559.92334,54.875935,-11.518561,5.495307,2.415871,-1.8642917,-11.11178,-7.59675,-14.508147,-7.4336433,3.2631526,-7.8864746,-1.6498953
03,1745.2297,0.010928558,-517.75696,48.02012,-10.221419,7.83182,-0.17214859,-2.173067,-10.422513,-9.233612,-17.878965,-4.913381,0.0017015345,-9.143922,0.11875601
03,1813.7599,0.010219879,-539.19855,49.672794,-8.996246,6.914048,-1.1240026,-3.3295467,-9.793234,-9.628173,-17.208342,-7.140059,-1.7678515,-7.01247,-0.2807712
05,1888.7725,0.008675286,-546.11554,42.51581,-6.0192423,12.6451235,-1.4078629,-2.7939095,-4.3140874,-1.4580282,-12.457061,-4.777245,-0.857797,-4.7668257,-0.7102531
05,1881.9254,0.009701404,-526.2785,40.100628,-5.4062862,8.0860615,-3.3844347,-3.6563706,-7.031596,-8.578679,-13.11133,-6.5697446,-4.498286,-6.6619687,-3.4727755
05,1841.4832,0.0069032386,-570.9829,45.415054,-1.5627905,11.880343,-0.43858105,-1.7890217,-5.26024,-6.6141477,-13.445087,-4.125199,-3.6815126,-4.4055014,-1.00225
05,1857.4409,0.010876041,-530.8293,44.267376,-2.8641324,8.589871,0.015043081,-3.4850914,-4.3523197,-6.577349,-15.150324,-4.9910274,-2.5813372,-5.787801,0.28295916
05,1898.0714,0.053690005,-349.08368,29.868893,-20.021608,0.8248057,-11.38768,-4.3352494,-12.86241,-13.475211,-13.617985,-8.423022,-5.636474,-4.9704933,-7.1078963
05,1972.7699,0.03284571,-368.34802,22.302996,-18.730824,3.2124898,-10.238884,-5.3979926,-12.250566,-7.9842367,-16.876492,-9.074471,-4.7981224,-8.329525,-4.8784604
05,1954.5879,0.032815818,-401.70172,29.973305,-15.743985,4.8785286,-6.717307,-3.917073,-11.36485,-9.566884,-16.95793,-6.6101475,-4.1125803,-8.695933,-3.1835454
05,1908.8771,0.09226974,-303.9083,22.274927,-20.23263,-3.011253,-10.557668,-6.5886765,-16.995611,-11.742131,-16.091635,-9.435908,-2.4795754,-8.391646,-6.020057
01,1646.4443,0.0036161423,-650.7109,54.477303,-9.090127,8.411754,-4.387535,-3.7657063,-5.362752,-8.610381,-3.9715521,-0.89597374,-4.7214065,-1.9953878,-5.056729
01,1728.135,0.003526408,-646.0169,49.11971,-10.800371,11.480022,-5.8222346,-3.082372,-5.2919693,-7.318948,-2.7898753,-1.952381,-3.2981865,-2.3206332,-5.5060253
01,1695.4991,0.0053315903,-622.5786,51.31145,-10.439537,4.7658195,-4.809167,-3.219577,-5.721809,-9.393639,-5.245095,-1.987433,-5.037799,-2.8686624,-6.420317
01,1735.8838,0.00481182,-638.03485,46.49924,-9.892576,4.8966966,-6.4146495,-5.0707617,-6.280471,-10.606286,-6.0774646,-3.2331312,-5.6609917,-3.2739613,-8.5222
02,1796.8186,0.003299657,-663.2903,52.128677,-3.5836399,11.846414,-4.697628,-1.7755145,-3.4381077,-7.5618987,-3.0022,-2.1637712,-3.221826,-4.2773857,-4.5514054
02,1852.6776,0.0033932026,-658.6478,47.966007,-8.495083,8.638967,-5.663685,-2.8697906,-4.6740603,-9.24625,-3.0736196,-3.4952078,-3.970272,-7.1958947,-5.508158
02,1615.6338,0.0036745965,-656.9886,45.86949,-5.4771905,4.3142276,-4.4623194,-3.557982,-6.703658,-8.853257,-6.026569,-2.5972846,-6.314636,-4.853385,-7.071023
02,1831.5065,0.0036388037,-649.47095,48.736828,-11.061043,1.340274,-6.3219647,-5.146925,-7.923725,-11.958522,-6.557234,-4.027463,-7.22297,-6.0610905,-9.744023
02,1920.5525,0.00274149,-644.26904,43.547195,-5.8384166,7.798074,-6.1381946,-5.017681,-4.065014,-7.9815655,-6.299098,-2.2558682,-4.6757936,-6.6697464,-5.1349106
02,1849.1667,0.0030213858,-654.7285,46.224503,-8.825291,7.3819704,-7.828604,-2.755002,-5.140015,-9.549978,-4.8942904,-3.7259579,-2.7659783,-7.619688,-5.975799
02,1879.3052,0.003367713,-651.52234,41.243298,-6.728539,0.9630482,-7.4115567,-2.5402012,-8.835062,-11.491202,-8.204978,-2.871476,-7.1914587,-8.530298,-8.152103
02,1763.0425,0.0032916954,-657.25,47.33328,-4.962772,3.1611543,-6.3184104,-1.8223615,-7.8445582,-10.285819,-6.404776,-1.3007375,-6.015566,-8.7457285,-8.5443325
03,1893.6234,0.0067745415,-584.8095,43.18487,-21.30186,8.527552,-6.8743467,-6.161053,-4.6324816,-12.898247,-4.4763713,-3.367257,-5.523036,-2.7173173,-8.498698
03,1861.6953,0.006062844,-604.6987,45.07209,-17.890179,12.041526,-6.429033,-6.6027994,-4.5485315,-12.551144,-3.5843372,-4.1316247,-6.316832,-1.837649,-7.81006
03,1810.988,0.006718313,-596.9097,42.28311,-20.867561,5.3886557,-8.000669,-6.724699,-8.967098,-14.922028,-5.081354,-3.6502304,-8.352836,-2.4565268,-10.150615
03,1766.1926,0.006538937,-593.0543,46.503887,-15.529931,8.504859,-6.198272,-6.078748,-8.619365,-12.890373,-3.1055381,-2.15818,-7.117529,-1.9770372,-8.486348
03,1900.692,0.016424965,-485.5585,32.210354,-29.872738,6.866109,-11.342902,-14.860304,-6.806929,-15.646826,-3.9503899,-7.934324,-9.380689,-2.202927,-11.6284895
03,1914.4503,0.016838655,-483.8502,35.787163,-30.68064,6.0185237,-9.470606,-15.612417,-8.272376,-14.029022,-5.0692525,-5.9015927,-9.294798,-0.6474197,-10.770746
03,1840.4917,0.011553159,-534.45734,38.031597,-22.94729,4.590477,-6.4561396,-11.968885,-11.765813,-14.9696865,-4.122636,-3.665528,-11.607719,-2.2014947,-10.770111
03,1875.2137,0.012906192,-535.57874,36.26328,-22.62245,4.0168138,-8.625279,-12.712104,-9.146528,-14.396338,-6.2735667,-5.957328,-10.965573,-1.8183453,-11.756157
05,1718.522,0.0068917987,-562.57446,43.781868,-10.402452,6.048465,-6.3162794,-4.7099433,-3.6898515,-10.246,-4.4205613,-2.2729363,-2.981068,-2.3496072,-4.839126
05,1820.1561,0.0073929364,-532.0913,42.358124,-16.971235,7.453699,-8.148302,-4.63737,-5.435113,-10.416671,-2.704224,-0.8080576,-2.205372,-1.9357878,-4.137694
05,1580.1499,0.008209092,-573.29675,45.841038,-9.815437,4.2864203,-8.331692,-3.4894335,-5.228769,-11.024237,-5.628939,-1.9968007,-5.7729263,-2.4142268,-7.0663342
05,1798.916,0.007999855,-562.36847,41.374588,-15.704152,3.7824314,-11.244979,-6.927745,-5.256913,-12.749825,-5.8923283,-2.6502147,-5.279857,-2.4545405,-8.410737
05,1820.5447,0.024077872,-443.42944,29.981758,-23.440504,3.0224886,-14.731198,-7.9682097,-2.6709785,-13.843132,-2.4567146,-4.5530953,-3.8110073,-3.1909862,-7.0461497
05,1816.806,0.019258311,-467.90463,33.208317,-24.262503,2.9939787,-14.986861,-7.1980157,0.1998067,-12.791639,-4.086005,-4.7434196,-3.6555762,-1.9970081,-8.259774
05,1800.3893,0.04577863,-422.59006,25.627525,-30.711185,-4.4620347,-18.371431,-12.682888,-4.1518946,-18.2899,-7.3128514,-7.3090906,-8.170983,-4.6276426,-11.359122
05,1781.7461,0.040468182,-416.28802,23.78608,-30.841578,-2.1526597,-19.170496,-11.236555,-3.3947005,-17.0528,-6.166669,-6.7994413,-8.149091,-4.606156,-11.811431
01,1566.2859,0.003992747,-614.73914,56.70819,-2.6855345,10.650176,4.240806,-2.4720972,-12.03572,-6.65451,-3.1527145,-8.526169,-1.9532499,-2.605839,-4.9945354
01,1304.9208,0.0037459356,-618.5003,67.16306,5.289751,16.971664,10.753807,1.6424099,-7.73416,-3.596293,0.7531803,-4.428097,0.4402471,0.39507475,-0.50945914
01,1626.6154,0.004240741,-626.6999,59.548996,-0.16429633,12.612995,6.018281,-0.5424566,-13.246388,-6.0552826,-4.3443394,-8.161105,-0.008030553,-4.1532917,-4.067323
01,1668.8448,0.00451558,-615.3663,55.919556,3.1576004,11.845134,6.6712923,1.0603589,-15.418916,-7.8669305,-5.6997433,-8.891807,-2.1577637,-2.928041,-3.7435486
02,1550.7026,0.002763567,-635.1229,63.97642,6.7003474,11.79303,7.1260524,0.1235039,-11.55465,-3.8118794,-1.6332909,-6.4070325,3.966948,-5.095542,-2.7082243
02,1598.3986,0.0029721588,-630.1148,62.421486,0.3167777,10.669066,5.108355,-2.58851,-12.761922,-5.0758743,-1.9668045,-6.2913136,3.3330665,-5.8721204,-4.084897
02,1710.9817,0.0029540802,-634.46436,71.501274,-1.0364518,9.68161,11.8833475,-1.9640003,-20.343641,1.6000549,-3.325276,-8.641359,6.285799,-7.7494793,-2.606522
02,1794.5383,0.008056295,-550.0109,54.878986,-0.9466517,4.623077,5.761267,0.064808756,-16.534637,-4.1678014,-2.9913292,-9.53356,5.800438,-7.0580487,-5.0088286
02,1583.5297,0.0045558447,-550.4463,80.50827,-15.831251,4.9351,-0.59913206,-4.680715,-19.925549,-5.395381,-4.214595,-11.457953,13.990684,-5.9192386,-3.9411306
02,1773.0559,0.007872352,-522.8183,59.35227,-11.230975,7.052179,5.528337,-3.4559426,-13.628192,-10.241685,-4.7054653,-7.2921786,4.888458,-5.308111,-2.8448327
02,1569.238,0.00934959,-526.09064,61.796227,-3.5992322,7.174367,7.366132,0.037975717,-14.940064,-3.0833201,-2.7865033,-8.1439705,11.95095,-5.818413,-1.8384894
02,1646.1127,0.008873845,-528.44055,59.35176,-2.718086,5.5292487,4.7113237,1.0055418,-16.69993,-6.2227902,-0.67048603,-8.199925,10.962123,-8.5859785,-2.997125
03,1607.1067,0.007853621,-541.2651,62.418713,-10.422654,4.583743,3.384929,-0.8195005,-14.047442,-11.29046,-9.412293,-9.156746,3.8089867,-7.4751067,-5.1424446
03,1574.0986,0.010748979,-518.686,60.042294,-13.127339,-1.5082799,-3.8239794,-0.08242925,-13.794614,-11.445925,-9.528757,-11.950621,2.0204763,-9.762902,-5.478364
03,1806.6902,0.009978813,-530.7912,47.3913,-6.545994,5.063589,1.6119102,-1.8960193,-18.546787,-9.952934,-7.9847608,-12.89289,-1.8152341,-10.4837265,-5.5571337
03,1476.1335,0.0067457175,-558.9614,52.890564,-3.8151047,2.379026,-1.7449111,3.42342,-16.881487,-9.580489,-6.41453,-11.025261,1.7924427,-8.781248,-4.270979
03,1657.5477,0.022903197,-431.03326,46.68249,-10.095126,-4.1877785,-8.119683,-1.1614602,-15.675408,-9.910147,-7.7577486,-13.338644,3.856828,-9.011376,-6.5471973
03,1522.2996,0.03475514,-396.15756,44.288467,-16.906322,-3.5465298,-12.570479,-1.2056873,-13.956591,-12.861631,-11.221938,-15.224035,3.229763,-10.021192,-6.9288206
03,1337.6654,0.04288741,-349.295,41.83825,-5.3173065,-3.2578378,-10.042331,-0.33228323,-12.243982,-14.550334,-11.553352,-17.775646,-3.0740628,-5.846982,-10.364387
03,1483.2769,0.02415791,-398.994,46.391808,-11.255848,-5.9670587,-3.2799873,1.220975,-15.306036,-9.98651,-9.57162,-12.807641,2.08165,-10.4022665,-5.5977244
05,1769.9359,0.002378383,-612.0989,66.77941,3.2154756,18.244734,6.5251684,-1.5141194,-6.824408,-11.262509,-6.1204023,-4.453384,-5.157606,-4.0324774,-2.5447845
05,1866.1427,0.0090353545,-508.9719,56.83463,-9.604198,13.843972,3.9395897,-3.5818377,-7.659627,-12.343734,-6.4251127,-7.6411424,-8.225974,-4.2265205,-3.674127
05,1886.3501,0.0070133614,-525.7731,59.91976,-10.032407,13.193439,2.3252265,-3.6522686,-11.944931,-15.479843,-7.1778893,-6.706893,-6.7427325,-3.7050781,-1.448348
05,1857.1221,0.011177284,-484.61078,58.158073,-10.684373,6.499303,0.95555246,-4.4078264,-14.160774,-13.4748,-8.97241,-8.471829,-6.402417,-4.492767,-3.196228
05,1809.8402,0.05542745,-335.92026,41.721554,-17.881405,9.845036,-11.201361,-2.876,-5.54716,-15.996077,-4.7440176,-7.304643,-6.8999543,-2.0706594,-4.988758
05,1775.9911,0.05155163,-326.9845,40.236984,-12.970549,9.1982155,-4.6846867,-3.7151313,-7.13816,-15.065135,-5.8896985,-5.4472246,-6.7736526,-4.2028127,-4.3710537
05,1644.1683,0.04791457,-349.29453,46.76302,-13.230843,6.2799573,-9.562721,-3.9801292,-5.718723,-15.92957,-8.441671,-5.8392367,-5.9205823,-2.7696197,-5.5665135
05,1695.6982,0.06581823,-320.8727,41.64488,-13.084024,7.5657954,-11.779684,-3.285425,-5.0019794,-13.224338,-9.751685,-5.7427034,-3.9486349,-3.210823,-7.1931224
01,1900.1718,0.0024753462,-695.8503,42.93426,-7.2745557,8.977729,-4.170579,-4.924891,-6.53796,-12.679187,-7.3114705,-3.6008554,-3.2500985,-7.083313,-4.540171
01,1868.691,0.0027499008,-699.05884,43.971985,-7.463785,6.14891,-8.039638,-7.6064873,-8.504782,-14.781918,-10.882157,-5.3247323,-4.378772,-8.113154,-5.3629074
01,1808.7832,0.0025692831,-719.3511,46.50712,-6.723056,2.0493107,-5.9552836,-4.5575995,-9.712336,-14.66402,-8.840659,-6.0597134,-5.4943433,-9.315282,-5.959335
01,1767.9993,0.0021529053,-726.7585,46.6224,-3.2128234,2.1592412,-5.9337497,-4.6862383,-8.642963,-14.10784,-9.158595,-5.685967,-5.028535,-8.541237,-6.1935964
02,1900.8588,0.0027633025,-660.3489,51.629906,-10.654974,3.7262275,-10.333007,-7.4556923,-9.549084,-14.666876,-10.906918,-4.82825,-4.0853133,-9.065867,-4.6358156
02,1822.8683,0.002985455,-659.7015,54.78945,-17.974657,4.514951,-7.6019006,-6.853135,-10.136917,-13.472782,-8.6167345,-3.6340382,-3.3530722,-9.022442,-4.807084
02,1636.3031,0.003955806,-649.0007,51.3759,-6.062449,6.623451,-8.53977,-4.004295,-8.75922,-13.475445,-8.887058,-4.508001,-3.0425632,-7.012759,-2.221001
02,1785.8711,0.0027143138,-657.90283,54.73062,-12.27472,-0.35324386,-7.772831,-5.1279163,-12.276025,-20.516783,-8.849319,-4.2577,-5.9824433,-8.259951,-6.750642
02,1900.6212,0.002612021,-663.02606,49.320267,-10.904673,2.5854738,-8.79481,-4.552904,-10.8045635,-13.400598,-9.38186,-4.2848005,-3.7200203,-10.603786,-5.372888
02,1901.0582,0.0027035254,-638.6897,60.61547,-18.470163,3.4609892,-6.0006266,-6.1871953,-14.307843,-21.161999,-9.903059,-3.9606225,-5.1400914,-9.956863,-2.9783971
02,1742.0287,0.0032472035,-613.9884,55.380436,-14.584273,4.475887,-9.213384,-4.576474,-12.888386,-19.76373,-5.66795,-3.9381382,-4.8708453,-8.4960785,-3.0677948
02,1921.214,0.0028513584,-667.6102,48.528717,-6.3047724,1.7821597,-9.877085,-6.140696,-15.069179,-14.632694,-9.023977,-5.2522907,-8.135798,-11.808276,-4.5969086
03,1850.2263,0.0045052795,-650.4511,46.445557,-16.175938,6.3346863,-7.7138906,-8.613978,-7.716543,-14.304404,-8.1412525,-4.4529977,-7.792503,-8.840263,-6.359795
03,1917.1005,0.006685673,-598.9671,39.636375,-20.287094,5.702582,-6.8105197,-11.35649,-5.1394033,-15.260244,-8.590343,-2.9323323,-7.2160583,-7.563582,-6.929523
03,1802.5046,0.0053678276,-620.30194,44.094635,-12.841684,8.851801,-4.1408377,-7.575771,-3.3067186,-12.536225,-7.0538387,-5.823918,-4.1522613,-6.591554,-5.185892
03,1795.8108,0.0070135402,-607.9138,43.23118,-15.182761,5.7042084,-3.8453722,-9.988028,-5.7680507,-14.328465,-5.538021,-3.9313366,-5.839096,-5.6219516,-4.76296
03,1946.0417,0.013652871,-498.47202,34.721436,-23.286217,2.3580852,-6.037968,-8.603201,-4.7190843,-16.445898,-7.563459,-0.08698241,-4.0755897,-8.949427,-1.7021717
03,1854.7379,0.018199546,-499.70184,21.139519,-21.555292,2.1008773,-8.45818,-10.92014,-2.0158958,-13.43869,-4.9641986,-3.4350839,-6.6762123,-6.9289203,-6.173523
03,1914.0929,0.015679158,-520.53156,23.30079,-18.062801,1.0941862,-9.181803,-11.704225,-7.6749496,-15.642747,-7.8233547,-5.0988393,-7.404884,-6.0623636,-6.794501
03,1804.3243,0.024512349,-463.18295,24.793516,-25.70761,0.5235935,-9.254232,-13.261866,-11.202358,-17.99829,-5.2644305,-5.4458256,-9.750964,-11.561938,-6.1689057
05,1786.1444,0.007930033,-554.8937,34.205566,-10.455088,3.2919,-9.409958,-7.528144,-7.363871,-13.511052,-8.225048,-5.0386534,-4.2980013,-8.199026,-3.7463448
05,1812.4109,0.010239254,-538.26654,28.846998,-12.098068,2.430066,-11.566411,-7.38282,-4.1110864,-13.692854,-6.6502795,-3.6516485,-3.5020971,-6.0251455,-4.4335027
05,1754.9803,0.011358923,-558.1368,28.35515,-11.212072,-0.305663,-10.303315,-10.182581,-7.7437754,-16.63668,-9.197369,-6.4138193,-4.887726,-7.786608,-8.337311
05,1881.7655,0.007874862,-572.8906,34.441734,-12.106583,2.024974,-11.63511,-7.9828205,-8.429833,-15.815237,-8.441461,-3.904726,-3.7777076,-7.9589796,-4.9492354
05,1911.2625,0.03709915,-414.13315,17.07874,-18.997746,0.13165115,-15.076841,-5.848515,-2.7221537,-16.15158,-3.6624568,-7.548866,-3.0178208,-4.9005756,-2.016419
05,1843.3989,0.028174354,-433.97296,18.500368,-16.82897,-0.20778665,-15.573719,-7.006859,-5.1936984,-16.722635,-5.265569,-4.7923293,-3.6874835,-2.6248202,-1.4055015
05,1908.5002,0.039416216,-399.0657,11.352522,-17.75301,0.09403572,-13.359734,-11.505841,-7.0176516,-19.160471,-3.7646549,-4.9437814,-3.165879,-7.660788,-5.317584
05,1894.094,0.026748542,-465.65955,12.013588,-19.443048,-7.2163014,-19.932617,-9.410556,-8.407403,-19.104116,-5.662807,-9.245564,-3.6615982,-4.9568334,-3.1268275
01,1207.8577,0.0015151297,-713.4335,68.36094,7.989171,15.139791,11.715775,0.43098292,1.002558,-2.7731187,-0.12734737,1.8932492,2.404442,1.5577694,-0.20470849
01,1320.7687,0.0012610094,-731.04675,71.22909,4.7060733,19.485657,11.931984,3.1546195,3.0610247,-3.3929598,1.6570351,4.184657,4.104265,2.8819532,0.25060827
01,1163.2963,0.002137701,-687.34436,65.14187,3.0542884,17.502035,8.701955,-0.2692074,2.5011365,-5.7337937,-6.4029083,3.139679,1.99735,1.6530609,-0.49405465
01,1130.0952,0.0017349252,-719.1148,69.37248,9.14582,17.470062,9.558501,1.2618631,3.4300103,-6.9391947,-2.3572764,3.4550145,1.8219111,4.073016,0.64530045
02,1197.9152,0.0011148276,-732.39154,74.417595,9.957227,20.32336,5.8946714,1.8330762,-0.5805243,-0.18544438,1.4413654,3.139661,3.4028313,3.802841,-1.4289092
02,1357.7782,0.0007041388,-773.9628,69.54776,14.766401,25.346931,6.108048,4.687026,2.77475,0.20582074,4.7149334,3.7340164,3.453125,6.16871,-2.1829307
02,1198.1628,0.0010547161,-747.1589,71.51419,13.281767,20.926575,4.225773,5.0209208,0.27736267,-2.9737003,-0.48456353,6.272964,3.8595622,3.5259335,-0.46601105
02,1173.0323,0.0017739664,-710.3511,66.41768,13.519736,15.207065,1.55435,4.630612,-2.0806735,-2.9759622,-1.1490536,4.7653947,4.1030827,1.2741798,-0.85136014
02,1303.5593,0.0010338245,-728.2159,68.302605,8.8685055,21.326395,6.6842165,3.9150274,-0.17241152,1.2478184,2.4974985,4.483353,5.46235,4.299603,-1.6944048
02,1312.5942,0.00049930095,-788.4148,61.05521,16.276304,22.374853,8.566931,5.714801,0.9183318,-0.13286182,4.517874,7.532569,6.360081,4.5198736,0.14376193
02,1110.2795,0.0008583442,-758.1042,64.264,17.975967,23.658867,3.8145378,1.9258776,1.1887462,-1.0535554,1.8170172,8.370338,2.8774753,4.718699,-2.8536348
02,1365.0911,0.00069261977,-779.51715,62.9809,20.787815,25.956495,8.524118,4.763363,1.6989223,-3.2781785,3.2695615,9.374279,3.624204,5.2965198,-1.6630045
03,1350.5345,0.0023826049,-675.9472,65.55761,4.39775,15.4905615,9.071381,1.6905048,-0.54678625,-1.0787311,-10.267439,-3.2622576,6.100595,-2.4363995,-1.7463975
03,1455.9094,0.0030792933,-655.9602,62.273285,-0.5966095,14.280578,10.207513,0.4006304,-0.36432418,0.46730167,-5.1735454,0.3538085,4.0530562,-1.1980872,-1.6482733
03,1158.8193,0.0023416355,-681.50244,53.67715,7.8891654,15.003612,7.496662,0.60752577,0.40647665,-3.784906,-3.164779,0.1472853,2.2793975,-1.1397794,-1.4636345
03,978.9985,0.004697595,-612.02905,68.37137,0.24628866,11.889709,2.9513836,-2.587056,-3.4354706,-5.571573,-8.305637,-0.8914382,2.6468205,-3.349977,-1.1202804
03,1329.5128,0.0037572796,-616.6896,52.44195,3.3628867,7.6039577,-2.6698928,-1.6701909,-5.894978,-4.3877892,-9.923696,-7.1960244,2.25558,-5.3309197,-4.45363
03,1408.3944,0.009314404,-548.12854,58.015133,-11.591911,2.871154,2.0050535,-3.010684,-9.0034075,-2.9245555,-11.904448,-6.313969,5.1597805,-6.071684,-2.415881
03,1102.8534,0.008661733,-562.88074,59.83793,-2.8376877,8.135034,4.0089793,-2.2829888,-7.623981,-7.147433,-16.505234,-4.8847246,3.1197536,-6.729407,-4.807905
03,1244.1875,0.008170896,-563.365,43.991817,-0.28653142,5.5650635,0.91609895,-0.7706401,-5.660745,-4.331174,-9.818234,-8.509374,2.0153704,-5.190903,-4.9647484
05,1561.5178,0.010968318,-530.7511,57.402336,-12.861926,6.974574,5.557503,-13.368005,-4.748325,-3.1927059,-7.3058167,-4.772196,1.4820014,-3.0127783,-2.5086634
05,1559.1018,0.009618741,-548.7486,53.61569,-3.3639624,14.486692,7.0473976,-9.573701,-3.58178,0.4844211,-3.1737957,-2.1677039,2.028064,-0.6557022,-0.9145622
05,1168.5128,0.003440386,-617.4165,75.535324,6.9188824,9.33725,8.847602,-7.298743,-0.068878606,-6.8464847,-6.0127745,1.3507575,2.3913128,0.7271795,3.0961456
05,1232.6377,0.0057357964,-580.82275,68.2817,-0.2344439,13.09045,4.1463223,-9.643879,0.5444052,-6.699572,-5.598043,-1.494265,0.68736756,1.5369961,-3.6222165
05,1695.904,0.03918575,-384.0643,34.256424,-17.813843,1.6445556,-1.4034632,-10.599475,-11.906975,-2.3656275,-9.861035,-5.0225196,0.30586293,-3.8414161,-3.687164
05,1738.9386,0.03623844,-415.5648,38.486977,-9.673045,5.355225,-0.7874865,-9.335597,-9.317085,-3.547311,-6.957916,-5.2747674,0.8247419,-3.5363483,-2.7486584
05,1551.346,0.05518782,-350.02188,30.031206,-10.444896,-3.1150224,0.19722423,-9.963837,-14.113779,-2.31856,-10.919786,-7.2998095,4.090269,-1.4101479,-4.5077157
05,1630.876,0.061394747,-343.56802,30.301905,-15.451939,-4.369333,-2.1417978,-9.978175,-12.471821,-0.41930112,-13.282942,-9.884019,4.1306806,-2.8131769,-3.861857
01,1893.3445,0.001603288,-736.0868,50.89171,-18.46466,8.632231,0.63062966,-10.233562,-8.63306,-9.96855,-7.245039,0.2692192,-6.2777176,-3.4392772,-7.3254495
01,1880.2505,0.0020134228,-697.0333,52.721966,-18.394604,13.298955,-0.0799654,-12.791263,-9.582618,-9.804233,-3.5838494,1.772486,-5.0536466,-0.69905776,-6.3102365
01,1848.786,0.0021694854,-704.21606,50.68633,-11.04975,9.263934,0.47050446,-8.964567,-10.8505535,-9.529206,-5.836635,1.5158615,-6.5852017,-1.3031585,-3.9353359
01,1859.8806,0.0021663697,-710.57117,53.051273,-14.801417,8.403964,-0.1660143,-10.802906,-11.535566,-10.901441,-6.12013,0.14787778,-8.374228,-2.5629933,-5.523454
02,1890.2817,0.00085902284,-727.5514,46.937637,-3.4761481,9.773693,4.917169,-9.099194,-16.531698,-8.444363,-2.7294116,-0.73227453,-6.269356,-5.909162,-6.685888
02,1946.3577,0.0009865585,-722.12714,54.29466,-5.969025,9.02107,6.297482,-8.623025,-17.869726,-12.482069,-1.6699969,1.10287,-6.4406056,-6.8317018,-5.6841664
02,1761.466,0.0013868675,-699.43115,64.44927,-4.0125065,5.070219,4.2827516,-6.839472,-19.00791,-12.2518425,-3.122242,4.5190306,-6.253595,-5.268787,-5.204109
02,1801.5477,0.0020796657,-679.65686,62.071774,-8.461225,2.5809357,4.202794,-11.273902,-22.043978,-11.232704,-0.37836918,1.8081422,-10.190519,-3.7769558,-3.3125088
02,1811.3773,0.0010631384,-698.5696,52.516808,-9.740992,11.873466,4.272354,-11.441927,-14.926325,-9.880668,-0.09415318,-1.6417104,-5.088742,-3.0375335,-6.4083486
02,1847.2234,0.0010282067,-708.6624,52.639084,-5.3044457,9.089781,1.91768,-9.41009,-13.678143,-9.7122135,-0.07851242,-1.2277015,-5.2075047,-6.14859,-5.5092726
02,1806.2708,0.0015995499,-707.62787,55.94562,1.2488139,0.69856066,0.6405374,-9.203818,-18.465292,-15.622073,-4.4644227,-1.1341052,-9.300658,-7.2909713,-8.039702
02,1480.6115,0.0010975719,-729.11633,62.318695,0.21002078,2.42549,0.912832,-6.5711746,-13.285454,-10.275111,-5.339099,0.9466541,-3.034445,-6.375654,-8.305276
03,1961.8562,0.0037116988,-614.2468,61.17363,-40.498077,15.648338,1.4935441,-23.826864,-16.221947,-13.577771,-4.095544,0.41511557,-13.927419,-3.7257185,-2.6977553
03,2056.9604,0.005464554,-573.9299,41.64295,-50.23238,7.4082456,-2.8475814,-24.291725,-15.487392,-16.604847,-10.643719,5.517235,-17.061314,-3.2783089,-5.373378
03,1921.1852,0.0037101456,-646.7023,44.627396,-31.921171,7.44985,-4.3590536,-18.03013,-13.933757,-16.59844,-6.404255,0.652388,-14.55373,-2.6133535,-5.1299872
03,1954.2198,0.0044779554,-614.3838,41.683403,-29.96724,7.4777093,0.2026572,-19.117033,-10.926555,-15.603345,-6.837148,3.4588442,-11.01752,-3.9077258,-2.4843006
03,2024.2921,0.02803253,-427.75732,15.810411,-52.225025,-4.7078924,-3.9109013,-18.926865,-24.123535,-9.719073,-15.20092,11.464633,0.27211878,14.480455,18.660755
03,2027.7463,0.025015624,-459.32068,13.444443,-49.441086,-5.799372,-7.7323895,-18.312616,-18.151405,-11.156027,-17.534197,2.9471269,-10.917784,4.1851597,15.275693
03,2057.8535,0.025422595,-455.86865,9.776974,-50.191086,-5.8436046,-7.6837363,-23.714895,-17.726625,-14.577716,-12.85008,3.2743855,-10.852059,6.953041,15.088048
03,1880.1827,0.029425936,-441.9271,20.75512,-47.170673,-3.9952812,-4.2969365,-25.527172,-18.921125,-12.233521,-10.756468,3.7313976,-11.2838745,4.7141366,13.839011
05,1971.4126,0.0037331427,-620.1191,40.45414,-18.601866,7.9257417,-3.8432543,-11.31084,-9.179121,-10.090404,-5.7088704,-0.40437877,-7.405224,-3.9531586,-3.351888
05,1843.6545,0.004153599,-613.15173,53.818966,-9.018339,14.973305,-1.4467221,-9.699908,-7.2909064,-9.399538,-5.912835,2.2141197,-3.7553651,-1.4445121,-4.1356792
05,1926.183,0.006121051,-578.7339,40.61901,-20.754139,3.0516405,-8.271965,-19.116573,-9.644247,-15.119929,-8.276416,0.9033614,-7.9347105,-3.8601081,-6.731193
05,1939.8999,0.007601989,-541.3498,32.225895,-14.752879,2.2268877,-6.732496,-14.901286,-8.139105,-9.951651,-9.554412,0.8980768,-6.519436,-3.8885071,-4.9986386
05,1897.351,0.068745725,-351.48755,23.282288,-43.67876,-9.904856,-13.166671,-19.746656,-8.774983,-12.824528,-8.449242,4.6925006,-1.1871105,10.387511,10.245672
05,1911.5609,0.06307574,-364.66458,21.625107,-41.659554,-7.072665,-12.074265,-18.580112,-9.20385,-10.314624,-8.039838,1.8346353,-1.525287,9.23331,9.73805
05,1845.5361,0.055855315,-370.0635,20.48599,-34.419662,-11.536446,-12.79721,-21.496017,-6.08782,-12.96151,-10.379996,1.702961,-9.984506,-1.2272644,1.643795
05,1886.1123,0.053198796,-379.7553,19.31459,-36.088303,-6.2428174,-11.7538805,-18.160234,-3.8496966,-13.729938,-11.142834,0.019437168,-10.446548,-0.60339725,7.2613387
01,1759.3978,0.0026655176,-650.27673,71.56552,6.6284614,17.708052,10.26493,-2.4720685,-5.9334826,-7.738141,2.2934804,-4.2967253,-3.3096173,-1.1172874,2.49902
01,1605.6696,0.0028401534,-647.45294,74.718925,7.604442,18.76212,10.770361,-2.1660209,-5.998836,-8.206124,3.7424395,-3.1040277,-2.5165563,1.2952242,4.528597
01,1650.5278,0.003121129,-648.194,64.6553,7.708081,12.35713,10.693769,-2.3673685,-8.878728,-11.402903,-1.4164181,-5.5561256,-5.274902,-2.9594555,0.70402133
01,1582.84,0.0025112806,-647.5503,72.78343,12.891841,16.450842,8.96496,-0.87523663,-6.944928,-7.296275,4.673297,-5.8999705,-1.507709,1.156807,2.081265
02,1334.8927,0.0017902569,-692.48737,77.656525,7.499141,12.848807,14.525522,-2.3226483,-4.504285,-6.7670045,3.3824644,-2.1162531,-2.821018,2.5469751,2.905529
02,1654.8555,0.0015738851,-702.64557,81.39135,2.5189905,11.2551565,12.166301,-2.3540666,-4.8724027,-7.655569,3.1762347,-2.2764611,-2.903984,0.92352855,3.479626
02,1469.981,0.0018824185,-684.672,83.23516,14.276167,18.36835,17.425262,8.392051,-0.6316308,-4.602574,3.8891275,1.9737543,0.68169546,2.8391807,6.664458
02,1470.5095,0.0019520461,-683.99646,79.22825,2.3684003,13.047001,12.349645,1.4710783,-4.0628667,-10.716002,0.18872678,-1.5904207,-4.9322557,0.006930208,3.6491437
02,1911.7834,0.0017933141,-627.77454,65.62896,2.1947322,22.399145,17.403778,-4.0059237,-13.416572,-7.9359407,7.1460385,-4.2180753,1.5943266,0.627098,2.6225643
02,1931.1675,0.0018901868,-651.6989,65.71329,1.6688061,20.023048,8.239936,-1.4996046,-7.5002813,-16.107794,-0.74690247,-3.2699895,-4.3951316,-1.153897,1.9217899
02,1735.0463,0.0024184184,-638.9017,69.73913,9.074792,18.022196,12.298825,-0.9523771,-8.34136,-10.686603,-1.7231399,-4.183672,-2.9586036,-2.3932557,0.9252694
02,1557.3269,0.0019613374,-665.0966,89.0828,6.313965,16.856203,12.340229,-3.6007314,-8.971121,-12.714769,4.297904,-0.8495335,0.8511945,-0.6251604,6.2979646
03,1549.5325,0.0020154165,-651.31946,73.87559,-4.27523,21.810318,12.825294,1.961018,-2.8536716,-7.2183022,2.1406214,4.1174436,-0.9834157,3.0579414,5.5896335
03,1578.4137,0.0034976467,-636.4077,77.046036,-5.4932623,14.967543,8.586666,-6.111677,-7.806065,-8.928538,1.56423,-1.0575176,-5.099205,1.8876498,2.319913
03,1615.596,0.0041147526,-613.04474,72.07157,-8.338318,14.75273,7.88534,-2.3400493,-10.324596,-10.825144,-0.21125244,0.86042506,-6.8369937,1.2841064,4.6142144
03,1615.596,0.0041147526,-613.04474,72.07157,-8.338318,14.75273,7.88534,-2.3400493,-10.324596,-10.825144,-0.21125244,0.86042506,-6.8369937,1.2841064,4.6142144
03,1538.7732,0.016094614,-480.7328,64.912476,-11.367148,7.572599,7.9090395,-13.907801,-13.029341,-8.926921,-9.962191,1.3678827,-4.4543056,0.08726958,5.7695665
03,1955.9354,0.018284552,-434.43942,48.289837,-12.470585,13.043017,3.930115,-12.64649,-14.257563,-6.722171,-7.4910502,-0.9383266,-5.87043,-2.0011516,0.96576333
03,1629.7423,0.014423887,-489.06802,64.012665,-18.394394,9.183151,7.069768,-17.78734,-10.4369755,-11.667599,-11.177217,2.5710356,-9.503173,-1.5959684,0.8247962
03,1483.9111,0.022470659,-451.84018,48.623047,-11.483981,5.8618364,8.803366,-10.313655,-16.78572,-3.5848477,-7.820215,0.055020344,-4.1835027,-3.263661,2.868708
05,1970.9114,0.013185108,-514.1966,49.502403,-8.296546,14.323765,6.6898756,-7.830781,0.6107284,-10.374091,-4.7427053,4.1673,-1.034256,-3.3966594,7.7951665
05,1677.147,0.029369446,-428.15683,39.477787,-10.19383,10.718497,4.5054984,-13.663072,-1.5924317,-6.125702,-4.6416187,1.7590125,-2.4308288,-2.5606956,3.2542703
05,1565.5283,0.004433747,-588.7124,56.840233,5.946857,16.410358,7.3068676,-4.1812663,-1.9918602,-9.588318,-5.645373,0.2769499,-4.4116163,-2.3489387,5.057839
05,1802.822,0.010764812,-508.83832,48.361454,-1.220239,13.228263,0.6911695,-10.207876,-4.5368576,-10.628401,-4.033492,-0.9029383,-4.7465677,-0.3272465,0.7372255
05,1733.4707,0.023507904,-430.61908,43.367046,-4.6606236,14.156897,9.494504,-10.049196,-4.9433503,-1.1130358,-5.437209,4.275728,-0.47791994,1.762009,5.7402782
05,1940.3373,0.045413945,-363.42252,33.200634,-12.125655,11.891399,5.642279,-14.986984,-4.2209444,0.35562503,-6.5518007,2.9054368,-2.4058466,-1.0886549,2.6650193
05,1929.5554,0.06789636,-351.63287,21.150246,-21.423985,2.4456074,-0.37487096,-17.182234,-5.7201266,-9.985716,-13.259282,2.1933956,-5.6408205,-4.104843,-0.0949958
05,1982.4543,0.057899974,-366.46887,27.860258,-17.687838,7.0120325,3.7941737,-14.186117,-4.9503565,-7.084774,-13.993525,3.9273555,-3.4952903,-5.8830853,0.36907294
01,1231.7993,0.0025173004,-688.7475,63.248642,8.932154,21.843252,7.3047504,2.1434164,5.8973794,-9.047279,2.7432451,-1.789254,2.2842977,-3.9707358,0.73977536
01,1170.3988,0.0025854192,-681.00244,67.648506,7.725306,21.931631,6.9586296,0.801942,5.975658,-7.586681,1.3758193,-1.8393391,1.2272732,-2.2131736,0.0073241214
01,914.72797,0.0029486099,-683.53705,63.510326,11.81303,20.220772,6.9143496,2.2967231,3.1121442,-9.120955,-0.986892,-2.9859967,0.16973418,-3.3464363,0.8352178
01,1034.6548,0.0028190713,-674.5231,64.75183,9.010928,20.544432,5.876039,3.8808322,3.6793108,-7.319493,-1.1293484,-0.3363312,2.1020336,-2.0881355,1.9995233
02,1255.2523,0.0017258065,-706.92096,71.82814,13.182999,21.664398,9.262007,3.4476936,5.841771,-7.0406027,-0.3327462,-1.6865029,1.5555145,-5.310212,0.22430527
02,1326.6388,0.0016074169,-720.9213,67.62824,14.390372,22.395424,7.597235,6.725303,3.4290192,-5.2171593,-0.78781873,-0.62235487,0.48414892,-6.6201706,0.8439733
02,1038.8203,0.002005174,-708.5634,66.587616,21.86151,21.603155,9.848386,7.626519,5.3627205,-7.074167,0.47613445,0.004683431,0.5479106,-4.3964753,2.1706548
02,1105.2048,0.0017584484,-722.2658,68.87424,14.269193,23.237642,11.449408,5.6685715,5.6350045,-7.588265,-0.51073444,-1.617894,1.1399064,-5.5263214,1.7526239
02,1528.0292,0.0014346461,-711.2978,67.526596,12.455446,23.878843,8.070922,4.472209,7.304468,-3.9895642,-1.4063425,-1.467055,1.6986401,-6.839279,0.878536
02,1521.9156,0.0015037006,-714.776,67.14338,13.9283285,20.664627,7.367694,5.5779753,7.963109,-4.827139,0.0012976131,-1.5889238,0.011001777,-7.440936,-0.7872523
02,941.86005,0.0015717442,-714.2014,64.01109,17.862206,20.1854,8.561494,8.227396,6.643293,-4.1777973,-2.0274842,-1.258352,-0.14881168,-6.197765,-0.8226932
02,1203.481,0.0016891208,-713.5719,65.5684,14.442064,21.61549,7.007823,6.212831,3.9634786,-6.2608414,1.3804005,-1.9201617,-0.45357364,-7.9428697,-0.95184696
03,1435.0038,0.0036385092,-647.2015,62.15176,-6.9382257,18.696146,7.2755013,0.7033091,1.501264,-7.2489758,2.031841,-2.1586397,0.32893473,-3.0824444,-0.54507583
03,1622.5917,0.003755887,-639.61835,55.00042,-7.7077856,21.59233,6.0045295,-2.4040432,1.7003601,-5.8812747,0.694127,-0.62634116,0.05440434,-3.249483,-0.27127168
03,1016.0199,0.0038104379,-657.29095,58.617462,0.93726623,18.939009,9.581891,-1.2384712,1.5025834,-7.4525104,0.88716483,-1.8683711,-1.3919569,-2.4920304,-2.0525727
03,1269.0613,0.0046971478,-628.22565,51.617058,-7.357043,14.238406,8.79481,-3.9522145,-2.728626,-9.708152,-0.565301,-2.9481308,-1.814663,-1.7840906,-1.6240796
03,1607.9745,0.010961485,-538.9624,49.61706,-21.386723,8.59884,2.718637,-9.611735,-0.21214463,-11.348081,-1.3408449,-2.9270651,-6.714441,-4.4597893,-1.9994795
03,1788.7279,0.0103235375,-549.22577,46.97469,-20.78857,15.634533,2.782104,-6.6534343,2.9284105,-5.470907,-0.13389245,-2.179159,-4.647935,-2.5290008,-1.9027336
03,1511.2328,0.011449304,-520.5138,42.83813,-21.192091,10.795836,3.5025365,-10.808697,-3.0215652,-12.516263,-3.5439298,-4.850187,-9.035115,-3.6025758,-4.578655
03,1763.3416,0.00913682,-542.6259,49.68072,-22.962772,9.118456,1.5387186,-11.664794,-3.759559,-13.144971,-4.3767323,-2.8395302,-9.663784,-5.5426106,-5.65984
05,1490.433,0.009150641,-564.77216,52.483612,-5.83536,11.021634,-0.6602354,-2.3122365,5.9587913,-7.8534,-1.6240352,-2.5810401,-2.2430701,-3.875007,-1.9347721
05,1523.1527,0.009237258,-539.91254,46.299046,-0.2552052,12.37251,-6.6713943,-3.3484066,7.26141,-4.7181067,-3.3497431,-4.319611,-0.9478496,-2.2409618,-0.9229976
05,1060.7997,0.0071937097,-600.3098,46.620052,8.670778,11.184936,-0.2550653,-0.07118973,7.7700777,-6.232246,-3.7074118,-3.2773309,-1.4970163,-1.7484103,-0.7225971
05,1101.1664,0.008828971,-587.09485,45.588444,8.846893,11.511247,-0.85139424,-2.678215,6.7477274,-6.369322,-5.0921016,-3.7030854,-3.21491,-3.5340846,-2.2852802
05,1604.1068,0.022138312,-471.00104,46.070408,-14.330334,3.5532632,-12.781026,-7.592484,7.5636578,-9.318292,-6.3205376,-2.7234612,-1.6259348,-1.6526995,-2.6557076
05,1760.2653,0.04924931,-378.92734,28.565544,-19.60376,5.2932644,-11.753316,-9.839315,5.232433,-6.434094,-5.0678625,-3.4087472,-3.957411,-3.4845784,-5.2584515
05,1218.921,0.021776376,-491.68784,30.020063,-4.591958,2.378462,-8.495287,-6.713245,5.89489,-11.74456,-4.0407395,-5.0566244,-2.9487903,-2.4691966,-2.8058114
05,1459.6189,0.02352826,-474.42636,34.59176,-7.4438243,6.143703,-8.397313,-8.857314,6.8482065,-11.99603,-5.2887726,-5.953013,-4.036294,-3.0560203,-2.6933258
01,843.64874,0.0013555225,-736.1229,92.022095,21.974056,31.902094,22.148634,9.448863,5.3015532,5.607601,6.9287586,6.625178,-0.13331701,8.49071,6.1544657
01,1553.1011,0.00093496183,-774.4514,77.8684,14.380868,21.008358,13.392019,4.733255,1.3457326,-1.6802934,5.307499,2.4862676,-5.6910257,6.451561,2.3873456
01,1666.445,0.0009951019,-763.7809,66.20733,16.178612,20.421858,13.010476,6.712302,0.08784374,-4.429326,-0.3224287,1.7138629,-5.461928,2.205273,0.13145886
01,1641.6116,0.0010864551,-760.3386,71.225,13.172238,21.122849,11.821007,4.0136743,1.3334681,-3.6378183,0.114130564,1.8248467,-4.953582,3.3389966,0.381341
02,1613.0405,0.00093187974,-760.9573,70.846825,14.50941,19.895676,16.550035,6.3764596,-3.302317,-2.0840952,3.549229,2.0649688,-3.8670187,4.1734357,-0.58105046
02,1829.5156,0.0010878167,-712.0099,64.448746,1.3877724,29.2869,15.122463,0.72001946,-7.4595633,-4.7686954,5.138052,4.0435095,-7.1305933,5.2754307,-0.08575005
02,1749.9738,0.0017461091,-675.9515,65.246086,8.900714,21.83042,8.19355,-2.1621356,-3.3512766,-2.533796,-0.09904032,2.4159477,-5.1049123,6.0223637,-1.7098132
02,1319.8828,0.0011036316,-747.0397,70.07149,17.612688,23.138098,15.820027,10.269398,-0.18146485,-2.9023497,1.5764816,6.6675076,-3.095666,5.386707,1.2208666
02,1717.4078,0.0005224014,-801.6312,63.451565,21.316479,22.81147,15.832623,10.119567,-1.6117532,-3.0529974,7.5037875,5.7644854,-0.6809123,8.796833,1.6959833
02,959.7826,0.00070767134,-776.4269,79.11584,25.654531,33.561005,21.067644,13.567872,-1.3866152,-1.5140516,5.8736806,2.8306344,-2.207593,9.07149,-0.7878889
02,1391.2792,0.0014119701,-701.3726,82.08717,15.824508,30.367754,17.616703,5.122884,-2.780741,-4.3114223,2.8930058,5.287319,-3.2375314,6.9594955,-1.6369033
02,1434.665,0.0012810241,-752.4509,72.9066,16.223255,20.750113,12.443535,9.436656,-2.264605,-3.6084325,-0.19588971,2.7514043,-7.464744,4.627349,0.52804655
03,1464.8822,0.0017445909,-698.05286,96.59705,11.39573,18.545223,20.758558,4.826262,-4.2671103,-5.396046,-10.63376,-1.4014151,-2.1504574,-0.1832153,1.5968088
03,1246.1394,0.00282741,-664.61725,76.90651,1.4158585,15.875766,19.00173,0.3634811,-4.146672,-4.0842724,-2.4926202,3.297564,-2.0252254,-1.6971815,-1.031485
03,1525.2748,0.002011904,-706.23627,68.20473,5.6514688,14.952039,16.743828,4.5724545,-4.6448784,-4.602479,-3.4521925,3.1945794,-6.3470793,0.5039461,-0.49199453
03,1598.5552,0.0033358042,-650.55597,66.44662,-4.6175394,14.589341,13.41149,0.891039,-4.8582187,-11.16537,-7.9815836,3.4555347,-4.8051286,-5.022705,1.3854227
03,1581.2643,0.019469995,-480.8839,56.858196,-17.446121,2.6336076,7.5450373,-12.68466,-15.042939,-7.8162856,-14.532588,-1.800478,-1.3633718,-4.4582915,-5.008393
03,1383.4805,0.015514525,-476.48523,79.28908,-18.318945,4.386623,9.305143,-16.612247,-17.430653,-7.1063957,-18.555967,-4.85078,-2.107836,-6.917913,-5.0306387
03,1542.7067,0.022069113,-464.53906,38.816086,-14.36377,5.421508,7.988402,-6.833977,-10.916377,-5.782842,-14.626412,-0.10943807,-6.377495,-3.1681564,-2.2379425
03,1418.3236,0.015001673,-506.02274,60.682137,-8.945006,6.156165,10.142999,-4.160777,-9.935585,-10.763996,-15.684212,-1.4575971,-4.25217,-3.8683255,-0.5577049
05,1796.3032,0.0013485325,-712.1885,71.85685,1.3965434,20.188616,20.661777,2.7026236,-2.961693,-3.5783122,-5.2202086,2.1864853,1.0061121,-3.0759606,2.5493505
05,1696.366,0.0020409932,-674.9629,68.09888,0.98026025,18.68076,20.181646,5.3376956,-2.0390623,-4.205721,-2.8189063,3.002151,-0.21518326,-1.3703893,3.6611502
05,1354.8551,0.005895908,-585.8362,58.271313,-8.782108,12.954035,17.98696,-1.5246344,-1.3434945,-6.402169,-11.695983,0.6267042,0.7813692,-4.7499857,1.6323026
05,1750.5171,0.0039464952,-639.24457,64.3349,-2.1492949,16.705063,20.11579,0.5266854,-1.4200555,-5.7207727,-7.8322268,1.9592952,-1.3867819,-5.6571813,2.5884087
05,1716.1364,0.058651034,-361.3976,48.58411,-17.521996,4.2073803,3.4910014,-9.708623,-7.4286156,-3.2914815,-5.628345,-0.2818791,0.7157562,-0.46756253,0.17258333
05,1749.4551,0.046066865,-372.04776,50.743774,-19.757572,3.0540445,2.2442718,-10.231513,-6.5682096,-6.5028667,-6.7709947,-1.625316,0.38355812,-0.20298345,-2.0468285
05,1503.6636,0.06258021,-348.84225,44.645103,-16.036463,1.0627897,-0.51327604,-11.053702,-10.632243,-5.5894265,-3.8838978,-4.8841014,0.8322528,0.19775333,-0.3167307
05,1565.4907,0.058044855,-349.67084,42.818676,-17.762693,-1.4405055,-2.0704548,-8.561678,-5.427125,-7.331299,-1.5551319,-3.2604346,1.9374985,0.18694988,-1.5727239
01,1413.7886,0.009632007,-571.1634,51.561947,0.61866313,4.7337565,5.04477,-3.5404568,-6.7442784,-7.723666,-3.9377513,-1.3471259,-6.1218033,-3.3092377,-0.045675565
01,1788.0074,0.007805806,-549.5522,56.109127,2.035172,9.34057,-0.39742896,-8.137466,-9.939144,-12.575839,-4.9851933,-0.5168187,-4.8387814,-3.720804,0.9802633
01,1506.6412,0.011769933,-541.2133,51.384304,-1.9913619,3.9068873,4.1300607,-7.718715,-11.512617,-16.831387,-5.4902344,0.85395473,-6.8502645,-4.9116507,-0.76192504
01,1716.8232,0.007952546,-598.68207,51.607494,10.78066,13.437082,5.478275,0.050054636,-4.452173,-8.553011,-3.2690914,0.26123118,-4.6167455,-3.6933422,0.20232819
02,2004.1016,0.008138942,-531.4193,56.910778,-8.852538,16.15716,-2.426144,-10.458886,-7.0494075,-18.909319,-8.690505,-5.5530424,5.682971,-6.208215,-2.1878786
02,1777.066,0.0074704303,-571.64465,56.44579,-3.274442,10.994718,3.7471025,-3.8728797,-5.056264,-10.736638,-0.27609655,-1.4811949,-4.3393474,-3.4968355,0.39435202
02,2053.4226,0.010314531,-535.1071,44.800957,-3.9235644,12.0231495,-2.0299807,-9.381452,-3.6486378,-20.147907,-6.215314,-3.0127401,-4.4758754,-6.548595,-1.0730411
02,1952.5776,0.011020554,-540.318,51.24066,-0.4594287,9.355515,0.64606076,-13.385454,-6.1053705,-16.446203,-4.8880715,-1.4344687,-6.1798043,-5.4892526,-0.66868216
02,1672.018,0.008204983,-555.4984,56.801594,-7.1374335,6.357951,6.6385746,-7.579775,-12.635562,-19.507149,-4.557365,0.084419206,-2.4231443,-3.8119059,1.4489955
02,1428.7205,0.010513508,-557.5518,58.500435,-3.0272665,1.1773467,3.2105725,-5.0002337,-10.85074,-18.220446,-7.035011,0.7429851,0.4514235,-2.9718597,-3.1252413
02,1754.9097,0.009557867,-566.224,55.894608,-1.0943718,10.9949665,3.1297884,-7.5358334,-4.542888,-15.795643,-4.497348,-2.002702,-4.680026,-6.214732,-1.8966688
02,1087.8871,0.00620149,-609.2033,61.215645,6.6242924,10.804807,6.608743,0.38005286,-2.9307177,-8.918729,-2.2762835,-1.6324357,-3.5793574,-5.6018476,-3.4323044
03,1380.3457,0.015759176,-504.37604,46.859726,-13.033639,3.9919806,3.5750587,-8.070893,-4.563449,-14.073465,-6.542047,-1.6981947,-5.562583,-4.4768972,-2.784255
03,1537.9498,0.017508795,-499.60046,46.04002,-10.466601,4.0297976,2.135575,-9.660832,-8.2017355,-15.407224,-8.206768,-0.03969574,-8.581496,-6.846234,-1.5078918
03,1892.8682,0.015905913,-508.07986,41.09106,-21.13447,5.562583,-0.4568981,-10.349302,-13.767449,-19.092196,-4.632901,-0.7602446,-11.571668,-5.304501,-0.37871033
03,1846.8834,0.017570125,-510.3927,52.358643,-11.021527,5.8815145,-3.4479122,-13.537928,-9.505345,-19.779882,-8.268833,0.59834725,-11.007748,-4.7907696,-0.93704224
03,1948.4717,0.06064877,-368.76047,35.37936,-30.61627,-1.8428185,-4.069357,-22.080818,-10.706037,-20.744635,-16.658775,0.9068191,-14.629668,-10.207644,-1.8648671
03,1888.6394,0.055579156,-389.27267,32.408558,-26.381168,-1.0842649,0.14543304,-17.25832,-12.371322,-18.894285,-14.545598,0.38168982,-12.051967,-11.026863,0.36496472
03,1943.6283,0.07128111,-350.38382,22.16815,-24.089972,-1.5148801,-6.0608683,-16.068367,-11.252089,-16.567402,-16.302822,-2.4123833,-12.346528,-11.863239,0.91207355
03,1889.6251,0.06157705,-358.6942,27.176294,-31.601574,-0.72220683,-2.0889225,-18.586979,-10.27269,-18.13579,-17.388933,0.77426624,-14.395025,-8.621026,-1.1814082
05,1908.2198,0.009202345,-518.1155,67.98113,-9.445531,10.802843,-2.082521,-9.911333,-10.250271,-20.9847,-7.006433,-2.3927765,-3.7619312,-4.395107,3.599194
05,1815.5094,0.017996589,-468.5465,59.23374,-19.681047,6.6476974,-5.056707,-9.605193,-6.273335,-16.646643,-6.9043546,-2.1148095,-3.8826556,-6.262873,-1.4412873
05,1368.1201,0.014661116,-501.0539,60.413498,-8.943059,3.0704255,-1.3424335,-4.6550336,-10.38445,-16.751627,-5.925301,-1.0315287,-7.2745175,-0.12950833,0.12321248
05,1712.7334,0.015370474,-505.67227,64.34391,-13.255367,9.259449,-3.5119984,-5.256468,-9.266664,-20.238007,-0.62861174,-3.1473975,-5.6927505,-0.82090306,-2.1784995
05,1697.9525,0.050758965,-354.05734,39.83148,-20.934711,4.3984833,-9.215746,-12.859122,-7.300039,-14.337289,-7.2137437,-4.137095,-8.112433,-5.7007174,-3.774375
05,1497.918,0.05862662,-371.62064,43.29596,-24.856642,-3.555484,-12.670343,-12.135927,-7.685782,-11.729778,-14.028131,-5.0646863,-7.534478,-8.662997,-7.6264777
05,1805.6996,0.05608192,-393.29196,37.42764,-14.803538,-2.0039272,-10.825532,-11.668422,-8.092074,-12.388589,-13.540404,-5.169627,-7.449745,-7.137653,-6.389458
05,1686.5083,0.058275715,-388.14795,33.640766,-20.053806,-0.53915834,-14.654189,-11.592291,-9.56725,-12.972133,-12.25135,-5.456592,-8.447279,-6.151445,-6.8480744
01,1223.0765,0.001795997,-731.38007,62.224876,24.513342,20.070847,12.545768,6.1058836,7.2661133,2.158617,0.5730284,1.0894154,4.2365637,3.2639344,0.08466283
01,1225.0074,0.0025134136,-697.01483,62.102234,21.480148,16.53148,11.172518,6.3433704,7.182734,1.2599962,-1.7513118,0.8246594,3.797888,1.2289524,-1.0981224
01,1283.5516,0.002201467,-699.5246,57.129974,22.601545,20.58691,10.934579,5.699136,5.132369,0.81273377,-1.7865868,1.4359764,2.8407197,-0.62498593,-0.5650418
01,1279.068,0.0022832311,-700.3051,66.63224,28.183119,24.517418,14.919871,8.103115,5.83252,1.9335871,-0.77920085,3.3662438,6.050952,0.73332304,-0.3639219
02,1347.9382,0.0011143247,-736.93475,63.03778,24.437813,23.061947,16.490107,12.701995,9.566386,4.9885306,0.5765097,5.787804,6.686672,2.4989133,-1.5190134
02,1311.1226,0.0013584205,-719.9197,73.983086,24.775673,25.988358,18.660963,13.578579,7.066894,3.031735,-0.30822393,3.8610485,5.261758,1.5440164,-1.3613733
02,1131.8871,0.0019467399,-711.49194,63.99623,24.905293,22.064156,10.548841,10.253173,3.9426012,-1.30106,-0.021961901,3.0548456,5.798048,1.1122925,-1.0079771
02,1281.6125,0.001354358,-722.09454,62.397846,26.075106,22.847424,15.226341,14.4210615,4.2541566,5.8056216,-1.7251266,3.9156992,8.305035,3.5974355,-1.8883479
02,1394.6854,0.0010402643,-727.009,68.78833,22.34004,20.284195,17.88672,10.179355,5.7727427,4.7370477,-0.41483462,4.4391403,8.22121,3.6399367,-2.2498863
02,1612.2312,0.00095082156,-742.09735,54.008442,19.016748,23.997906,15.380698,12.103405,6.085619,6.5094275,0.760611,1.9193796,7.017051,0.9588694,-1.4923267
02,1171.2908,0.001278899,-723.7124,61.02586,25.22661,22.5432,16.86244,10.877298,6.4256163,5.348231,-0.09337827,4.37246,7.8520117,3.107879,-0.4814422
02,1267.636,0.0014747211,-721.7652,64.2868,22.369204,21.98796,14.870974,10.207191,5.918316,3.3743844,0.06803536,3.2395353,10.096145,3.5505106,0.36444238
03,1318.6663,0.003426972,-671.8112,58.46776,12.806989,13.267467,9.862154,5.294547,1.0133107,-3.1176858,-1.8420784,-2.716324,3.9369771,1.4677899,-1.7729574
03,1155.1896,0.0035756142,-666.72864,61.362637,16.287016,11.9945,10.763568,6.989389,1.1845115,1.0446215,-2.3440359,0.49650314,4.65109,0.38956422,-0.17692459
03,979.28687,0.0036604726,-661.9023,53.021255,16.841034,11.955747,10.210272,7.215354,-0.80825293,-0.16143271,-3.784371,-0.13106793,3.7155209,0.60688794,1.7692597
03,736.3752,0.0042106947,-652.7094,52.740593,17.85147,13.533674,9.304794,3.6277058,2.1977963,-0.64911443,-1.7615516,-3.2369573,3.258072,-0.36332244,-1.8497001
03,1231.6941,0.015930481,-491.04224,50.914917,5.562173,6.088568,1.0633912,1.338258,-0.37724707,-1.0818413,-7.938244,-5.4641323,2.500446,-1.2941054,-0.5745526
03,1357.4529,0.016904347,-484.9259,43.868042,2.339842,7.74689,2.9911032,-0.80152786,0.25824666,0.23527682,-4.733631,-2.2682915,2.251687,0.039109856,-0.5518017
03,1276.6781,0.017211094,-505.55783,46.75522,-1.639952,3.150318,-2.423065,-2.2284877,-2.500652,-4.3739567,-10.267551,-7.361984,-1.7911103,-3.6364388,-2.1840472
03,685.4876,0.01398028,-514.74664,43.191605,5.772206,4.243602,-0.7620973,-0.5430475,-4.018764,-3.2585108,-5.7625585,-7.5700645,-0.5281387,-1.9546632,-2.978227
05,1500.7885,0.008791642,-543.44446,47.821236,6.870027,9.118284,2.1138093,0.23116283,1.8366659,-0.33835334,-4.3980007,-2.0369003,2.4392567,-1.5054547,-1.4443569
05,1374.8724,0.005641748,-579.6884,49.956093,13.536646,12.080679,2.6121902,4.3024073,0.72928333,1.040065,-5.281678,-1.7641883,3.1373453,-2.336815,0.78447706
05,997.03546,0.011732016,-534.89935,45.184963,4.673624,6.7924595,-1.9777029,1.6891806,-0.20467858,-2.566668,-6.0643735,-5.5807047,2.3210187,-3.5924008,-0.99065024
05,1313.8125,0.0108669605,-532.9163,48.79762,8.267566,8.323699,-1.3857589,2.971285,-1.8690687,-3.348512,-5.7288356,-6.556404,2.756032,-4.884578,-1.1085883
05,1285.7925,0.02302038,-447.62122,35.30396,1.0541122,6.700186,-3.6099055,-3.4582763,-1.4398685,0.4567289,-5.1179347,-6.0482836,0.6658482,-1.3473197,-2.4305634
05,1491.0934,0.051374603,-378.80872,31.039225,-6.478683,4.1203423,-10.912635,-4.274019,-4.618603,-1.1232457,-7.9961348,-7.838122,-0.018623073,-2.7666082,-2.810552
05,1606.4064,0.048338946,-367.85608,39.10109,-0.64014333,7.781474,-7.0142965,-7.768323,0.34218812,0.022183677,-6.2027164,-7.1647735,0.9769764,-2.9619377,-1.8946786
05,1537.4272,0.0607679,-350.96866,23.226847,-8.023251,1.1329156,-12.867613,-5.1629186,-2.1183052,-2.6516714,-7.3487115,-9.420836,0.5734091,-3.9123025,-4.8130226
01,1687.5852,0.0026294698,-683.84106,59.444565,-0.8251681,10.537366,1.576842,-4.614727,-1.5890805,-9.401205,-10.498347,-4.1009994,-7.026869,-3.2290952,-8.4293785
01,1822.2192,0.0024937766,-689.5671,56.88593,-1.6032194,11.154812,2.824281,-3.53914,-1.640911,-8.267391,-8.80399,-0.17565244,-6.4229407,-4.2073383,-6.453051
01,1659.134,0.0033826989,-664.5415,56.908916,0.26627594,7.969139,6.392704,-4.19134,-6.1261697,-12.711343,-9.554716,0.09056835,-7.365537,-2.7581677,-8.353391
01,1589.1996,0.003041158,-676.2738,52.397697,5.182033,6.0620675,4.50157,-2.6766365,-2.3044918,-11.054176,-4.1322846,-0.53851175,-7.7021174,-2.7392616,-6.7094345
02,1782.5491,0.0029637928,-659.93176,57.204903,-0.10956286,7.565763,2.5300522,-3.9681425,-0.5144832,-7.7355475,-7.0971045,-3.9935033,-6.7419033,-1.3991692,-8.144148
02,1542.5498,0.0023956376,-665.38074,67.22134,-0.6652304,10.251054,3.816323,-0.84039044,-1.0815349,-10.091792,-5.899157,-5.5198803,-4.5401816,-0.7454716,-10.560314
02,1771.1132,0.0032724948,-671.1921,50.523384,-1.9440016,5.9482145,3.6350858,-5.0974154,-5.8727255,-11.157332,-9.334853,-4.9375772,-8.197027,-3.9106116,-10.504101
02,1750.2134,0.0029866616,-672.9665,49.916214,-0.5375294,8.571287,3.8361762,-4.292377,-5.4182053,-12.033968,-8.105128,-4.4484887,-7.770665,-3.2960181,-11.023536
02,1866.6906,0.002528436,-674.10565,53.166622,-2.801085,9.11722,1.8398739,-3.5915768,-2.62841,-7.1930256,-8.545288,-6.6556773,-7.156494,-2.3164487,-10.089739
02,1694.0948,0.0026220442,-674.7555,62.5142,4.4534984,13.417761,6.416047,-2.2323925,0.47557658,-6.4731827,-7.8677177,-2.934242,-5.421879,-1.9575855,-8.412751
02,1390.0208,0.0030908391,-673.5298,51.09042,4.091927,4.326718,2.441506,-4.402963,-4.205867,-11.771553,-6.032135,-7.9511857,-5.7883353,-1.1209573,-11.894045
02,1670.8693,0.0029730848,-674.3091,51.199986,3.120612,5.338328,-0.3123463,-4.0678916,-4.726879,-11.051494,-7.5382333,-7.0951138,-9.238576,-1.6992631,-11.5063
03,1795.1635,0.006228585,-603.16077,55.994873,-20.019125,8.427832,-0.6310729,-8.570351,-2.8703659,-12.961958,-6.9538283,-0.1661191,-6.083625,-0.72512877,-9.669363
03,1615.2389,0.0064942674,-600.15063,60.42351,-13.750033,7.842175,2.7630076,-7.9299407,-1.314599,-10.243343,-7.6359835,1.0910112,-4.606355,1.6969732,-7.441522
03,1780.4438,0.0058180625,-590.76984,43.79759,-12.722205,5.9913096,-1.1365407,-10.649233,-7.511236,-17.914772,-9.981128,-5.3241887,-9.051732,-1.3714683,-14.072691
03,1768.4175,0.0073124208,-589.7478,51.595764,-15.158975,6.4923787,1.2782512,-12.916119,-7.077921,-17.38728,-9.623816,-2.3196082,-9.303376,-0.4241716,-11.09998
03,1963.4287,0.021811612,-472.55554,36.757656,-21.166637,2.7753015,-1.0857036,-11.61751,-1.3894683,-5.019624,-5.9132195,3.422375,-3.7417018,2.3261843,-4.7027493
03,1909.7078,0.021212375,-478.38913,36.790016,-18.734747,4.6023736,1.1856498,-10.667964,-1.3252648,-4.0673485,-6.252855,3.817379,-4.2787237,3.1312256,-4.31826
03,1743.4506,0.0118238395,-545.1399,40.883186,-18.864498,3.3142934,-1.2485757,-11.074562,-6.1161523,-12.7592125,-9.9522705,1.0036753,-10.069663,-2.3698456,-8.548222
03,1766.6461,0.026130062,-465.52606,29.992506,-30.15968,-6.868288,-4.911931,-18.733946,-8.147643,-12.083959,-12.618268,0.47691017,-10.523126,-1.4886168,-5.7513323
05,1709.3022,0.005918731,-582.6856,51.937828,-2.5196228,9.602828,-2.1156456,-3.0279348,1.9232843,-6.297569,-6.271194,-1.1393781,-4.0723076,-1.4311137,-4.18089
05,1683.5938,0.006740408,-577.7915,55.93935,-6.1903915,13.128689,0.5715198,-4.699979,0.24695587,-6.9476275,-7.8363543,-1.4764042,-2.7383642,-1.3846979,-4.577571
05,1514.9928,0.0045093,-624.88196,48.00166,3.5852733,5.1417193,3.4843967,-4.7119536,-4.2782927,-12.474042,-6.937225,-2.7589865,-9.204906,-1.688352,-9.161549
05,1663.4535,0.004917912,-608.3222,42.47333,-4.18479,4.2538695,-0.23761278,-7.537456,-4.8177333,-14.514141,-7.3478293,-2.318672,-8.709982,-2.1008422,-8.516632
05,1831.7311,0.02319533,-447.1418,43.334087,-8.309649,0.98319805,-2.0099156,-6.9530315,1.8829128,-3.921515,-6.6211514,0.8938494,-4.4944973,-0.07714252,-3.2789516
05,1848.8156,0.050188623,-372.67606,33.796352,-19.069405,-7.4359,-5.464308,-9.217491,-0.11751244,-5.029571,-7.6306705,-0.61277956,-6.3920493,-2.0830684,-4.7420278
05,1641.096,0.021871127,-469.15625,43.29846,-7.5169735,0.23358825,-0.69044924,-7.9860973,0.57793564,-8.719796,-9.133944,-0.39005047,-7.812253,0.29161173,-4.806031
05,1719.1868,0.03919221,-410.90738,39.60381,-13.515816,-9.879001,-3.4780247,-8.527061,-1.6732545,-6.341046,-9.218746,2.7930691,-3.618628,-3.3509617,-4.8187375
01,1408.835,0.0018986381,-734.8146,65.16496,3.1671813,11.046907,10.18708,1.695842,-1.0456297,-1.9742694,-4.389914,0.97171277,2.031386,-1.2649982,4.4575434
01,1204.4767,0.0019702588,-725.99884,65.8402,4.769485,10.2365055,8.644426,3.1547225,-1.8746307,-3.1766033,-3.7846086,1.9564543,1.907777,-1.3699131,5.319067
01,1240.4592,0.0019860475,-719.5033,59.17181,2.500341,8.868761,9.854473,3.8878243,-2.5067413,-5.5320134,-5.017734,1.49251,2.981419,-2.3174133,5.367281
01,1373.6238,0.0024379233,-705.9097,55.788624,-1.403224,11.167459,6.9572163,3.0263376,-2.9284174,-4.6762776,-7.9808636,2.0840473,2.1951425,-3.872431,5.2074213
02,1061.6288,0.0016144359,-728.08527,81.58203,7.9868565,16.974941,13.624764,5.229022,-0.7162285,-4.2344694,-3.907254,1.5260093,-0.5085014,-2.5430388,8.590849
02,1295.6184,0.0017852715,-734.1456,75.03531,4.2128067,13.393241,11.082356,4.4518337,-0.54508567,-2.0135791,-3.5024092,-0.045682088,-0.8879442,-3.3038785,8.243014
02,1036.851,0.0016234452,-723.6237,67.2669,13.466118,13.025597,12.038565,5.505085,1.8008771,-4.2568183,-4.0772347,2.8865578,0.69303226,-3.1057742,6.627595
02,1182.3838,0.0015906543,-729.8632,64.629524,8.527917,13.22914,9.263226,3.533572,0.55179626,-6.478726,-4.6929135,2.5857427,0.6076932,-1.2363279,6.2950897
02,1176.5441,0.0015679188,-741.59674,70.56581,7.4778824,13.400219,13.707761,5.4733286,-0.4885072,-4.239958,-4.8726034,3.634667,3.467409,-1.0398731,4.4185476
02,1268.5275,0.0020977724,-711.7801,69.22627,1.2070616,8.308733,11.9555645,4.2677317,-0.41052687,-3.9175282,-6.688266,0.4847589,3.310634,-2.0079782,4.3379354
02,1044.2118,0.0019708874,-711.4437,59.387497,2.315731,12.316389,10.6191635,2.96564,0.9142427,-6.602664,-6.543817,3.189111,3.0962791,-1.2436767,5.909572
02,1416.3784,0.002061443,-717.25305,63.575275,0.2746345,11.083465,8.590074,1.1136767,1.1255243,-5.2644086,-7.439934,1.9341638,0.77971256,-0.5177024,5.413074
03,1276.891,0.0035229856,-669.861,60.157925,-6.026157,10.191509,8.390519,0.61977994,-3.727356,-4.265943,-8.108514,2.0843651,1.6950754,-3.4443834,5.5039115
03,1268.5725,0.0033827638,-672.16754,60.62053,-4.723746,9.176288,9.5708065,1.5910958,-4.388345,-3.302018,-9.017384,1.0226803,2.4498656,-4.2202334,4.911708
03,1313.9415,0.0033018421,-661.9741,53.927197,-1.453197,9.362547,4.753346,3.6835706,-6.153078,-5.1524515,-9.1705265,0.19828607,0.8347318,-3.5217652,5.0792875
03,1438.7024,0.0044675707,-642.75507,54.241375,-2.7477508,9.893187,2.6804855,5.0152926,-10.037734,-7.1307917,-8.172942,-2.839638,2.2852902,-6.4560637,3.9615893
03,1558.3212,0.005351913,-587.16235,56.512714,-9.394262,10.531567,9.08802,0.892786,-9.640779,-3.648036,-7.728915,0.26917645,1.2600623,-7.9767756,4.2839904
03,1296.304,0.011857369,-533.7259,54.160217,-5.75089,5.1983566,0.80875057,0.3256872,-15.966441,-5.170695,-9.692625,-5.533627,-0.8032091,-8.904783,-1.8422638
03,1446.8918,0.012283587,-528.9386,34.86986,-6.7261677,-0.6163434,-7.2309036,0.8697741,-16.139782,-7.7680345,-9.186017,-5.827168,-1.4242634,-7.817798,-2.1890438
03,1231.3759,0.012339505,-547.847,40.49422,-7.2784524,0.5489731,-6.6678534,0.9105977,-13.983381,-6.798316,-8.340429,-4.8187084,-0.6839784,-6.6309476,-2.2119055
05,1425.5836,0.005347332,-619.9331,56.171864,-3.714882,11.996213,4.1713696,-2.1859403,-2.093761,-3.707737,-9.226069,-1.8913774,-1.6497167,-4.10823,6.137751
05,1294.0308,0.0072428402,-573.46936,49.461838,-5.3697724,8.394792,0.890317,-2.491404,-3.7082627,-4.484525,-9.296204,-1.4948004,-1.5512497,-4.906698,4.089007
05,1247.316,0.007030901,-574.5772,49.817017,-4.6116505,10.488314,4.1976395,-1.5593292,-4.7329884,-4.149633,-14.778752,-1.4775137,-2.2300832,-6.2547994,4.4183745
05,1339.0342,0.008924481,-561.11005,46.19066,-6.8934107,8.22735,0.88193,-3.1236281,-6.2753687,-7.091011,-13.950559,-3.169377,-3.0495632,-7.335205,2.4769924
05,1572.6182,0.051634748,-363.3938,18.774881,-12.651738,-1.4403409,-9.627059,-5.069323,-10.31212,-4.874518,-8.812354,-3.942503,-0.58824223,-5.4879503,-2.9651022
05,1550.3798,0.02781875,-420.4946,37.324593,-4.7184596,6.7709246,-0.23654108,-7.0914125,-6.5153756,-0.18841337,-8.05397,-0.56656545,-0.25173852,-5.619007,0.44407657
05,1402.9397,0.04160099,-398.1323,24.560383,-13.356354,-3.215707,-9.88788,-3.7508945,-11.675327,-5.711853,-11.101495,-4.670384,0.3351234,-4.090344,-0.9615631
05,1497.38,0.08835536,-321.17383,10.130473,-17.117682,-8.233012,-18.115438,-4.4833694,-12.967822,-6.2485895,-9.107482,-5.8999076,-0.59406656,-5.2882624,-6.170699
01,1890.4062,0.0011306009,-761.8684,42.15133,6.37059,10.231775,-5.840604,-5.970381,-3.898551,-8.260018,-4.175017,-3.4230437,-1.7041895,-5.19563,-2.8175185
01,1806.759,0.0010509948,-755.46246,42.71025,5.3804007,11.044181,-5.389654,-3.6523907,-5.683102,-7.394467,-1.7592149,-2.7526853,-2.5837643,-5.9279065,-2.358476
01,1798.8018,0.0015530372,-733.03107,39.995182,2.9514704,8.1608715,-5.8677826,-2.4558198,-7.6159735,-9.189661,-3.153536,-2.8303988,-3.542884,-5.641281,-2.8265433
01,1880.5135,0.0016398795,-730.4317,44.290592,3.5020993,6.7390256,-9.0491,-2.5017166,-7.4125752,-9.813494,-2.4559762,-4.6471295,-3.2110202,-5.3630056,-3.0072668
02,1916.7883,0.0016116902,-715.00867,38.31449,0.62995994,6.307161,-6.859902,-9.323597,-8.668892,-8.723151,-4.921005,-6.3450823,-4.115093,-7.0375257,-5.4930487
02,1969.0353,0.00096253026,-782.67487,39.49441,4.7669134,11.048591,-4.4291353,-3.6159098,-6.1949778,-6.717832,-5.1307526,-6.099262,-3.0449507,-6.9100213,-4.444058
02,1970.5206,0.0017700447,-716.9611,25.100967,5.4440193,7.0739174,-7.1707687,-3.8923333,-8.740297,-8.708581,-4.9814596,-6.8631034,-5.5601816,-7.7635007,-4.989775
02,1966.5773,0.001911461,-727.529,31.938974,4.0185676,8.434594,-6.3244452,-5.3667083,-6.962472,-10.936517,-4.410407,-7.2891483,-5.088005,-9.385754,-5.037486
02,1858.3336,0.00056165847,-778.8709,40.589348,7.282794,6.692961,-4.981519,-4.729934,-4.8600698,-7.6050706,-3.242418,-2.285565,-2.0929441,-6.656017,-2.9612117
02,1945.0012,0.00079343753,-770.4944,31.825909,4.157128,8.541774,-3.731804,-5.8413916,-6.280077,-7.138643,-5.22142,-5.846566,-3.6322007,-8.19392,-4.418193
02,1863.168,0.000937361,-782.0967,42.159588,7.5990887,4.2269454,-5.3072963,-1.0640403,-7.406447,-8.031735,-3.7889616,-2.3464952,-2.4503963,-4.1752486,-3.71978
02,1894.3728,0.0014918516,-747.27576,37.419346,7.1701646,6.8912487,-6.592995,-4.3025084,-8.298804,-10.018537,-1.5247041,-7.1648684,-3.1983142,-5.8849325,-4.451324
03,1940.9279,0.010225357,-532.58936,27.924519,-16.828022,10.335332,-9.289375,-15.854253,-5.0316114,-14.072316,-1.9848076,-6.496324,-7.260489,1.4989458,-7.534767
03,1882.3496,0.00989788,-549.6481,29.457449,-11.859425,0.35977787,-6.8978148,-12.53013,-5.656981,-10.535828,-1.8281671,-5.6349545,-6.581183,-3.6074948,-10.018679
03,2001.5261,0.006121607,-594.15485,27.637175,-10.279879,4.3426204,-7.8294296,-12.604058,-13.927255,-13.136806,-1.9214425,-9.334879,-6.1803093,-3.9176042,-5.2243757
03,1898.952,0.006911181,-600.8737,26.246809,-9.045959,1.7545085,-6.6546125,-12.252063,-9.061353,-13.175905,-5.2502813,-8.369119,-8.295391,-4.057289,-8.325932
03,2003.292,0.024009252,-453.6955,19.144985,-31.78134,-1.7342113,-13.752522,-21.101568,-4.0192337,-14.430092,-5.8508744,-2.5770519,-11.193909,7.6374393,-1.1721015
03,1995.7437,0.01980763,-460.47968,18.814028,-30.853998,0.884923,-14.175329,-17.10036,-5.5775213,-16.559643,-2.3038704,-7.3935585,-8.46057,1.4354866,-8.997431
03,1973.5549,0.027911669,-447.18283,11.656694,-38.915676,-1.316427,-12.1993885,-23.307703,-7.4423,-19.176226,-2.918075,-4.914314,-9.120228,5.328088,-1.489034
03,2040.2212,0.025010938,-470.8773,12.603255,-29.544638,-0.7831914,-9.421602,-21.832766,-5.856674,-18.652086,-6.147674,-6.880629,-8.29861,6.133313,5.840024
05,1899.985,0.005390613,-599.6231,30.096987,-6.866102,4.2966514,-11.944185,-6.622543,-6.0915546,-9.249602,-3.2986395,-7.1509976,-6.407582,-5.8760304,-4.222874
05,1799.7042,0.0068136873,-580.63416,32.456917,-7.8984056,3.97123,-11.556729,-8.767048,-3.5943832,-9.672638,-4.453901,-3.9030113,-2.189164,-3.9951215,-2.8380017
05,1941.9232,0.008536229,-556.45984,27.281757,-10.733337,6.0158577,-14.797639,-11.529421,-6.2487116,-14.938222,-6.037044,-7.151118,-3.9630513,-5.1819925,-6.2444744
05,1933.5383,0.008825873,-552.0463,28.871756,-13.224115,-0.6501557,-15.333361,-11.926717,-7.5402226,-15.300576,-7.5602574,-6.2399435,-5.991907,-7.6002226,-4.6225123
05,1859.6133,0.04805937,-378.72028,31.012058,-31.116983,-3.1658878,-21.434237,-16.220343,-4.224244,-14.630978,-6.6407113,-4.7879906,-6.3096724,2.347476,-3.490318
05,1942.0521,0.034271814,-403.8284,25.601643,-30.876116,-4.44904,-22.530827,-17.140957,-4.3604245,-16.321808,-4.056193,-2.9975884,-4.226953,5.134004,-2.9199326
05,1939.7556,0.047974814,-381.4566,19.80069,-31.946592,-10.997232,-21.855652,-16.221306,-3.9251583,-18.5646,-3.790056,-2.9941823,-0.9251553,4.964132,-2.4046423
05,1887.8251,0.033723865,-425.39883,25.544857,-22.25879,-3.4773598,-21.862026,-13.384576,-4.280636,-19.718615,-5.521126,-7.535854,-6.905658,-1.4979146,-6.297994
01,1368.9728,0.004334274,-636.1296,68.812126,-2.3801987,12.385966,10.588827,-2.0869367,1.1574136,-1.7418487,-3.7176042,-1.2529274,-1.4916745,0.43260258,-0.8857495
01,1230.2542,0.0035462715,-654.05566,70.66096,0.6037394,16.608322,11.119587,-0.87504834,4.7623644,2.0357559,-1.5078385,0.10179704,0.9328767,2.517159,0.9121881
01,1022.514,0.0043310598,-637.4901,74.69771,2.6197813,13.837628,12.75458,2.0163684,3.3495026,0.99501806,-1.7410704,-0.8053783,0.549321,3.4982333,1.3830628
01,1144.0597,0.0043272283,-634.53143,70.592094,3.094636,14.495054,11.178093,-0.59360164,4.267839,-1.5846441,-2.887913,0.80985254,-0.5157248,2.197349,1.3989209
02,1254.1974,0.0025737875,-655.74066,80.17407,5.707239,14.855619,10.630724,0.72457373,1.8686098,2.8272524,0.31826338,-0.45874158,1.7193851,4.330457,-1.473098
02,1478.3534,0.0029176753,-653.8808,71.33314,3.3403304,17.31491,9.239965,1.6423585,2.4020064,-2.2898717,0.93503106,-1.4821022,-0.03717046,5.6183534,-2.4243455
02,1744.35,0.0035781225,-613.60144,76.34136,-1.8250084,18.783924,8.865777,2.3541043,1.6306598,-3.378222,-2.4021704,-2.5921316,-0.8637371,8.80908,-2.8722696
02,1244.0632,0.0032278001,-647.1163,70.270775,7.4152446,14.139687,11.335895,1.4448041,2.0395389,0.95951587,-2.131322,-2.3524752,-1.1016784,4.7480564,-1.5368022
02,1332.3986,0.0031442281,-653.1013,74.07045,6.0321293,14.809563,9.179353,0.6798138,1.0146261,1.1735666,-0.11392644,-2.0872295,1.5887724,4.2803698,-2.757961
02,1353.2953,0.0031544664,-641.1257,78.29426,7.615611,17.364248,9.96455,1.4715456,3.1011152,1.9279845,-0.02239925,-0.8266948,1.6280185,3.809788,-1.1293312
02,1225.5095,0.0040303804,-623.1385,85.880806,10.163599,19.768848,10.603526,1.2682743,4.5114346,-0.43897596,-1.3360543,-3.0314474,-1.7986888,3.855476,-1.558874
02,1380.2449,0.0032811011,-633.4324,72.461464,7.8138304,19.501886,9.385096,5.8179893,1.8771654,-1.9553872,1.100267,0.09040979,-1.1762276,5.423849,-3.945736
03,1272.9011,0.0052272226,-614.28784,70.56148,-9.808885,14.550427,12.02476,-4.4173193,-0.4789454,-0.1627941,-6.476714,0.7117898,1.5421349,0.85740656,0.19528814
03,1244.88,0.006249841,-601.149,69.35263,-5.754328,14.609996,11.540497,-2.5507972,2.9429462,0.53351647,-4.5108757,1.4123493,0.84875065,3.154321,0.62155896
03,1518.1836,0.005065376,-606.44696,71.487305,-7.576394,15.287767,15.322896,0.32739565,-0.6638496,-1.1354194,-2.8339186,-0.621191,1.3632971,2.3740528,-0.14706986
03,1245.679,0.0062296577,-599.3334,68.42911,-6.654712,14.025845,14.606694,-2.3197005,-1.6960683,0.084731594,-5.2639914,-2.028693,-0.31728718,3.2184255,0.113723524
03,1685.9353,0.013913966,-532.9119,51.433357,-2.8811994,18.861525,12.020345,1.4250752,4.652513,5.4159746,-1.2699282,6.295325,1.9495072,4.9937873,3.7436237
03,1505.7222,0.010231986,-541.52655,65.000336,-12.824126,16.332033,14.870608,-3.9687812,0.975431,2.4573698,-6.7409887,2.5193725,2.8695657,1.4983087,-0.04954483
03,1566.9065,0.012810824,-500.97034,58.109875,-11.158824,13.737793,12.734792,-5.367442,-1.2527695,-0.4719468,-7.6403937,2.2309704,-0.318986,1.0588107,-0.40002552
03,1643.1014,0.009658188,-565.1936,57.313545,-13.672283,16.512543,11.578803,-4.32818,-0.83316845,-0.58900565,-6.02286,2.0493731,2.491305,2.3980415,-0.8450514
05,1430.6133,0.009181174,-537.4676,55.691093,-5.4909344,12.152188,8.63664,-4.979622,3.419362,1.1733801,-5.473831,1.5584165,-0.45669934,0.94351643,-1.1226754
05,1334.33,0.014017654,-510.9304,50.60923,-8.116907,6.4830995,3.9408343,-7.8826895,2.5309873,-0.44860595,-5.355154,1.581994,-3.3965032,0.4000276,0.14515656
05,1572.7955,0.010677203,-550.429,60.76753,-6.090866,11.497112,13.071327,-5.267503,4.27237,1.301527,-3.518001,0.42970484,-1.6008011,1.8382012,1.2041775
05,1463.196,0.017188093,-506.42136,43.26669,-7.806351,7.005819,4.16304,-7.103037,0.9990541,-0.39176303,-7.949215,3.225094,-4.440956,0.11978663,0.58398944
05,1853.5906,0.020432277,-478.52676,38.463116,-13.909801,5.7370615,-1.5285866,-6.342876,-0.7515385,-2.122379,-8.101247,-0.6947509,-4.827447,-3.1569617,-1.5725911
05,1572.1045,0.024781382,-449.2556,44.87273,-10.503033,4.327963,0.45036724,-9.869686,1.5626014,-2.0476677,-8.70335,-0.10561337,-4.6881695,-0.41776317,-2.4810655
05,1672.289,0.016266085,-495.972,47.27223,-5.858519,11.446115,10.908431,-2.8590596,-2.249161,-0.9394037,-4.4666457,-0.008032411,0.9398742,1.9901868,1.4438854
05,1649.7465,0.029367996,-423.50287,34.412727,-9.383769,6.2555013,2.1840913,-8.7920475,-0.7142338,-3.5317616,-7.701311,-2.2335558,-5.171213,-0.13299784,-2.464222
01,1684.6277,0.0029154676,-661.3847,57.86619,5.734875,9.329723,-0.9674277,-7.8006964,-8.779259,-5.9853797,-6.4836807,-2.2852418,-8.638397,-2.7096884,-3.3878875
01,1708.1985,0.0030908561,-669.83075,57.962574,5.122001,10.897896,-0.5423199,-8.684329,-8.73612,-5.581696,-5.047154,-2.061936,-7.9509974,-3.037245,-2.8989499
01,1668.0148,0.004689115,-633.2376,51.870766,3.530056,8.55316,0.45600012,-10.85519,-14.566895,-6.721714,-6.1690764,0.050389756,-8.522209,-2.5277302,-3.2238362
01,1655.7437,0.00440188,-636.2109,44.55713,5.0518713,8.732716,-0.10077043,-9.577709,-11.637054,-7.4877915,-4.7725234,-4.031634,-6.136099,-1.5183892,-5.491848
02,1843.0464,0.0022944016,-708.1312,56.11497,3.5201077,7.942083,-0.5613514,-6.5378776,-11.419772,-4.6027236,-2.7320035,-2.9082024,-8.7304125,-3.495977,-2.9913976
02,1681.8639,0.003259227,-647.6313,54.74884,6.411835,10.872152,1.8888042,-11.219581,-9.373803,-3.8131502,-4.75281,-4.314457,-8.844447,-2.687844,-3.1262813
02,1844.5638,0.0031607877,-668.63855,44.037388,9.045462,9.658762,1.0042176,-10.988052,-12.244319,-6.4544373,-6.6376076,-3.0739202,-9.954463,-2.419366,-2.22132
02,1740.1948,0.003939212,-643.415,43.113686,6.568981,10.414298,0.5096223,-8.569464,-11.917223,-7.6450596,-3.5829463,-2.957844,-8.662954,-3.3473556,-3.0805078
02,1869.2335,0.0030873925,-646.4606,49.533928,1.0609246,6.8442564,-2.4073846,-7.660029,-11.154952,-5.870489,-2.7463343,-3.745987,-8.296105,-3.5009546,-3.4550416
02,1810.7831,0.005231811,-615.88715,56.18074,0.12081867,9.908937,4.646171,-8.429942,-9.373005,-6.3882885,-3.3347049,-1.2592,-10.845059,-5.4505486,-1.4697741
02,1774.2783,0.0029738934,-671.4864,47.20545,5.685897,6.5903864,-1.1452743,-10.666016,-13.595359,-5.9500065,-6.684456,-1.0229369,-10.631811,-4.845536,-1.3466123
02,1763.0216,0.0031254604,-664.91156,49.419113,5.439912,4.762835,0.937305,-10.755995,-14.8961,-5.365635,-7.375364,-1.950867,-8.704805,-2.9572136,-1.8624346
03,1827.33,0.0069120885,-592.8068,41.242146,-12.090631,7.786869,-2.8705184,-8.808645,-10.195847,-9.718952,-5.9958086,-0.20398133,-10.322725,-3.7256362,-0.6003
03,1892.7981,0.008000702,-569.32983,40.16785,-7.3726354,10.321961,-1.6827232,-6.3863525,-9.667096,-6.6452117,-2.8496532,-0.61040616,-8.759113,-2.775532,-0.2811719
03,1543.2871,0.006967019,-579.7299,41.741753,-4.7578063,7.5008264,0.16801453,-9.438591,-12.131509,-8.491422,-6.212281,-1.9174926,-9.006648,-5.0211,-1.9835876
03,1770.5155,0.0073721395,-582.2363,37.813168,-8.3283205,6.2251415,-1.058799,-9.504315,-11.9310665,-10.289873,-7.9532485,0.926797,-8.28619,-5.8015356,-2.4152932
03,1845.8735,0.011681326,-537.2507,38.058853,-14.106685,4.7265015,-3.861257,-8.480325,-11.076237,-11.166877,-7.087175,0.69051564,-9.9376135,-5.4171314,-1.9162587
03,1899.4375,0.019961039,-454.0269,31.443106,-16.395185,6.697245,-4.269051,-12.48555,-8.794032,-7.380773,-6.656949,1.2342857,-9.491821,-4.1652584,-0.045063168
03,1858.4237,0.013911066,-520.0863,29.789667,-9.49582,5.796797,-5.974443,-14.387767,-14.708279,-10.981913,-8.302332,-1.7950732,-12.477537,-5.797523,-4.2266994
03,1774.173,0.011392122,-531.83014,36.177265,-9.514291,5.0538745,-3.2367587,-11.967566,-10.899472,-9.77392,-6.8099036,1.9978199,-8.246625,-5.596961,-0.6143787
05,1584.6133,0.012463176,-516.3607,39.63817,-3.9544833,8.232257,-6.10125,-7.1788516,-5.892061,-9.803115,-7.1960216,2.0154603,-7.0434313,-2.503003,-0.7439439
05,1808.918,0.0151442075,-484.2248,37.301254,-4.630347,4.9029264,-6.0441484,-8.455348,-4.1947746,-8.831252,-11.480978,1.7593299,-7.8057623,-5.0696607,0.15935512
05,1858.9221,0.012014687,-542.2605,33.78299,-3.8036227,3.0919862,-9.681707,-6.0237384,-8.644806,-11.424565,-11.615022,-1.2892503,-7.2457585,-5.946874,-3.1478214
05,1628.2333,0.0182129,-497.7165,35.110737,-4.0375004,8.741479,-5.4947977,-8.112447,-7.9099684,-11.858702,-10.675444,0.51439625,-8.358421,-5.9860363,-0.44622916
05,1752.6068,0.025181917,-440.9078,33.383163,-8.692478,4.5283694,-10.455301,-11.298502,-4.232059,-10.755426,-9.554722,1.8070228,-9.219636,-3.2875633,-0.8836387
05,1832.363,0.037071157,-425.36642,28.141977,-18.408752,2.342421,-10.613113,-12.770655,-4.5419784,-13.798555,-12.1343565,3.646711,-8.831522,-4.770383,-1.5623283
05,1821.3887,0.03956597,-435.68274,22.032663,-14.917262,2.2537584,-8.417856,-13.33416,-1.1918669,-15.193334,-12.142307,4.188897,-10.586128,-4.800987,-4.3694415
05,1746.9729,0.029514808,-445.2739,25.886147,-11.649359,2.1753504,-8.994989,-12.142755,-2.6324356,-12.373636,-11.140479,4.9074473,-9.6001005,-2.9852684,-1.257246
01,1082.687,0.0039175577,-643.41547,74.270744,10.1289625,19.266329,17.357733,7.346875,10.001106,-5.4697943,-4.187753,6.554221,-0.9718299,0.689104,5.4083533
01,1027.7958,0.0038515131,-646.3001,68.106094,6.514981,18.00364,14.267371,4.858087,10.486649,-0.8842272,-3.3458776,4.516688,1.6733108,0.22561125,5.8876367
01,1214.3365,0.0047328766,-635.13477,70.68799,8.320676,17.101685,13.083543,5.28519,10.842827,-4.5352573,-6.7484827,4.712247,-1.4344003,-0.66278297,6.008806
01,1337.0519,0.004564575,-626.3087,68.77038,6.1231217,16.59997,12.538299,6.208741,12.122708,-5.671224,-6.6812954,6.1465154,0.07691264,0.6434043,5.724536
02,1181.0945,0.0035831009,-647.11743,63.513783,6.040068,15.049637,12.956362,8.22026,6.244674,-2.6909747,-2.2044024,4.0563188,0.6791446,-0.006234984,5.6387033
02,1100.1726,0.0043685175,-648.04004,65.04307,14.119349,19.110561,15.406818,8.217193,7.7473097,-0.95566696,-3.0809283,5.4349413,0.098230995,0.043318007,6.1806045
02,1043.9843,0.0045539658,-640.57367,67.59953,16.379452,20.830206,12.9886465,9.699613,9.876498,-2.1707084,-1.7743533,5.5753813,-2.8774195,1.7500913,3.597511
02,1096.3442,0.00500198,-630.00195,68.62683,13.304627,16.321667,12.31307,7.254148,8.636881,-6.404462,-4.8005257,7.025464,-2.579276,-0.9963814,4.4791255
02,1326.9855,0.0038210268,-636.56213,68.05811,10.323644,23.259857,19.192453,10.536607,10.374525,-5.9565,-0.8782884,7.085208,-0.21479282,-1.2171482,3.679022
02,1159.9502,0.0027910222,-676.67456,72.603165,15.167756,23.859,14.977869,7.9097133,12.061755,0.5713324,1.442713,3.8794203,0.30871233,1.3725492,5.326201
02,1344.0758,0.004318531,-635.0464,63.893932,15.26643,24.416681,16.114742,9.383163,5.3948917,-4.720843,-1.5480431,6.7038665,-3.2020702,-1.1742721,6.5548615
02,1236.0099,0.0032033506,-682.3891,79.002045,17.37911,21.396479,13.306619,13.511759,13.087049,-1.7722532,-3.5146563,7.4084263,-0.14039692,1.6077635,6.9407234
03,1087.9757,0.0055947425,-610.1369,61.733067,5.9575276,14.201258,11.472874,7.9942775,3.772367,-5.5965853,-3.750156,2.5366018,-0.4505762,-1.1969374,3.949304
03,1724.5363,0.00745101,-579.5533,56.864445,-1.7325176,14.813866,11.037875,6.2699766,2.2304757,-7.3029976,-5.016216,6.1538906,0.46992213,-4.9591856,4.706697
03,1492.7208,0.009355477,-577.4066,53.99244,-0.9469037,13.104203,9.927898,1.5296698,4.8184004,-7.3314114,-7.351755,2.7587745,-1.0207425,-3.0734956,5.6586614
03,1758.0981,0.008248199,-550.58545,63.863407,-4.44842,13.594886,4.851374,6.5071983,1.8665652,-15.731583,-7.7440467,2.7967024,-0.7166385,-4.8513756,5.0106673
03,1298.7698,0.018664105,-499.17606,41.350513,0.99670696,5.921629,-1.0114527,-0.22103247,-3.111348,-3.8604658,-5.553369,-0.20316282,0.64005804,-3.0265374,-0.5295205
03,1624.2903,0.02870058,-417.975,33.88232,-4.277143,3.581803,0.1625992,1.3603495,-2.0349865,-5.9920883,-6.4194536,-1.2584412,-1.7545135,-4.137938,-1.469856
03,1898.1301,0.018048255,-485.4603,38.73135,-5.713625,4.887478,-0.5471616,5.1731634,-4.663788,-9.0268345,-7.2447753,-0.027366875,-0.90455806,-6.400279,1.0298616
03,1605.3395,0.017941847,-493.38986,36.774815,-2.4481905,2.3409145,-0.345948,3.6381962,-3.7313411,-7.8429117,-7.3500376,-1.3226569,-3.6178231,-5.6693625,-0.66055226
05,1509.0938,0.0026597572,-641.7649,54.49306,7.0726757,15.5961275,14.794381,6.8240333,6.812165,1.334063,1.8020955,4.6208544,1.4182926,2.933359,6.208747
05,1517.5425,0.004523965,-594.48914,65.46621,4.326873,15.879797,11.388667,5.0765076,7.6904755,-1.9026375,0.5521901,7.1590605,-1.3409601,1.4464391,5.2304554
05,1640.3633,0.008493206,-568.7948,56.275955,-2.8641248,16.210632,10.341206,-0.20120338,9.284495,-5.183988,-5.9393716,5.027119,-2.7768342,-0.060476158,7.169596
05,1614.3484,0.0048262347,-616.10614,57.966923,5.3546343,18.125034,13.297171,5.6371384,8.387172,-6.5582724,-2.4071755,5.8679104,-3.2523606,-0.062252168,7.1696715
05,1811.3341,0.024979569,-446.66174,44.11984,-12.628798,11.272433,6.6586237,-2.329617,2.8683329,-1.3336433,-7.8111663,2.7443473,-4.4506087,-3.4525635,3.9227831
05,1901.8486,0.045510855,-388.09854,40.811184,-15.649466,9.209649,3.6600566,-7.2018905,1.413164,-4.551253,-10.41601,4.403443,-3.667292,-3.9561965,4.3246593
05,1725.0023,0.030071927,-466.1172,47.087505,-9.329473,8.377161,6.12285,-3.6829891,2.469383,-0.44208774,-11.773796,2.1289039,-3.5406957,-3.952903,4.077891
05,2030.9114,0.030738344,-438.70746,42.740883,-18.44658,13.064198,5.844322,-2.879333,1.253091,-6.118627,-12.818413,3.195633,-4.280478,-5.834003,4.892675
01,1999.7917,0.0017810587,-751.19867,54.40895,6.180119,9.967446,0.4433814,-5.427116,-1.8321075,-13.977192,-6.9333057,-1.6625738,-1.1481075,-5.5754213,-5.6391864
01,1972.1099,0.0020600888,-741.79596,56.14055,6.200316,7.7142596,0.07230342,-4.5530286,-1.6176459,-14.066451,-5.2338047,-2.717915,-1.7795454,-5.6719623,-6.6411333
01,1985.7001,0.0018398194,-760.0025,47.68589,12.610179,6.43516,-3.5098128,-3.2792046,1.4554212,-12.939927,-7.124497,-1.9669102,-3.0457582,-3.019438,-6.570782
01,1950.6957,0.001941174,-761.6654,57.792286,5.345233,5.8897953,-2.6323338,-2.4839985,-3.0029602,-13.6933365,-7.924349,-0.09443026,-2.1420581,-4.487682,-3.1700554
02,1961.5671,0.0026429112,-689.32025,45.559467,3.4257958,8.939783,-0.322647,-5.3164244,-0.7081163,-12.766838,-6.0544133,-3.9020357,-3.5295305,-5.297581,-4.1893826
02,1921.1134,0.0024016318,-700.2076,51.974495,0.10405467,11.584208,0.99331695,-4.9434648,1.3113203,-13.54741,-4.40037,-3.1837378,-1.7566509,-5.83737,-5.714686
02,1912.0653,0.0032763416,-688.96545,49.9204,8.799583,5.3500624,2.2361321,-1.4212375,-1.5981588,-12.26788,-5.1309137,-5.5399365,-4.323621,-4.8886175,-6.250862
02,1902.5846,0.0032852655,-679.84344,47.631664,10.464093,4.4105134,3.6012075,-2.9594185,-0.3662272,-12.8086815,-6.0740314,-4.478188,-4.8290296,-4.2819095,-5.919485
02,1977.4636,0.0023462486,-710.42993,43.07996,2.9264166,10.533279,-0.5246226,-5.281571,0.83151263,-13.466609,-6.3695016,-4.479781,-4.9004416,-5.079677,-6.657548
02,1987.3988,0.0021284118,-709.78156,48.956806,7.0592685,12.370886,1.8128796,-5.1892447,0.5026918,-11.318309,-6.326186,-3.1304002,-3.7488387,-4.5837665,-5.424834
02,1937.0043,0.0026273115,-701.8058,45.004993,8.180783,6.275293,2.8701549,-2.8287764,-0.686612,-12.803245,-4.7605586,-3.7577138,-3.2111433,-4.613778,-7.2150817
02,1985.2725,0.002922579,-699.7999,43.77162,6.547404,2.9006426,2.3747423,-3.884631,-0.0801284,-13.268996,-4.6792355,-5.099986,-5.150365,-4.957903,-6.710159
03,1909.6221,0.005764443,-628.15875,45.05206,-10.687618,2.0723877,-0.7182471,-6.48855,-3.1441975,-14.835702,-7.5317373,-5.959596,-5.7251635,-5.286482,-6.5087194
03,1949.4845,0.0048831417,-628.40735,42.05372,-13.939924,4.790251,-0.5372395,-9.554271,-7.566366,-17.344685,-6.138353,-1.2843634,-5.0791626,-7.486701,-6.1776624
03,1895.2228,0.0038280888,-667.24646,49.291515,-7.0733585,5.4276857,0.39306742,-5.0206904,-4.6512814,-15.912791,-7.278917,-5.0016923,-5.58,-5.31122,-7.0010166
03,1942.638,0.0044605667,-646.25085,42.55036,-4.2096457,4.504076,-1.5288576,-10.668392,-5.9279933,-14.912213,-7.4563117,-4.6778793,-6.590782,-7.3887396,-7.5784507
03,1931.3396,0.0351819,-414.26715,11.108298,-23.21048,-7.4191904,-7.288784,-8.882564,-6.3302054,-7.0788374,-12.507563,-1.6781361,-7.5759892,-4.1236115,1.7700888
03,1977.6816,0.026336962,-429.6723,20.209476,-21.637276,-3.8636565,-5.841028,-7.0994277,-6.8162374,-7.5447803,-11.529515,-0.9230609,-8.350879,-5.5498924,1.6876405
03,2006.4532,0.025532834,-461.68634,16.185984,-33.521526,-3.7157815,-6.2321386,-13.501504,-12.440285,-11.28624,-13.317231,1.7393477,-7.179388,-8.278609,1.8580624
03,1940.802,0.036955826,-409.97815,8.036109,-25.479773,-8.056434,-7.8224053,-10.435478,-8.7443,-9.364064,-10.210474,0.31889167,-8.535005,-4.4551406,0.2879509
05,1950.859,0.008795475,-544.12146,46.69985,-21.977333,-0.24575883,-9.125067,-10.916754,-4.484226,-14.391761,-14.669271,-0.43821558,-4.4182177,-6.0258737,-3.9524763
05,1886.2175,0.00693653,-558.3125,50.410427,-15.666469,1.975256,-10.307768,-5.298704,1.4623746,-15.555856,-14.331328,-1.7544261,-3.9142523,-4.633807,-5.1181073
05,1874.689,0.011847681,-544.0694,38.238033,-10.403605,-1.4367194,-7.756021,-9.004867,-4.120344,-13.219691,-14.917849,-3.8922107,-5.2500887,-5.372695,-5.911455
05,1926.9165,0.009199809,-572.6638,44.86327,-14.522158,-3.2797253,-8.638647,-10.151652,-3.398649,-12.768837,-14.379844,-5.014271,-4.272388,-6.67666,-6.0734553
05,2006.1921,0.053792674,-394.6983,3.0036662,-31.253637,-4.582312,-15.281145,-9.647146,-6.3388944,-4.702489,-11.499353,-5.4355965,-5.7845206,-7.145488,1.737087
05,1977.0032,0.06791168,-376.66278,-5.350825,-32.4778,-7.014609,-16.746399,-4.082447,-6.712602,-4.6528583,-9.492421,-6.490083,-5.7313957,-0.8655784,9.70959
05,1995.069,0.059482396,-386.99405,-4.024561,-31.859602,-9.60742,-16.537584,-7.0856137,-8.216529,-5.916812,-10.211082,-3.7062922,-8.615573,-8.022974,4.120354
05,2030.3109,0.06420972,-368.29218,-1.4989974,-32.31181,-11.2415495,-17.770937,-4.492569,-5.769096,-5.829003,-8.921157,-4.4179635,-7.9342546,-5.8736258,2.9019055
01,971.4982,0.0022252742,-720.9089,77.156685,12.188697,18.508013,7.5342417,7.921146,3.8615205,-2.4131799,-5.8950415,1.044432,2.149443,-2.0528455,6.510774
01,1446.4534,0.0021854471,-715.2329,78.78551,12.331404,21.444433,8.497773,9.027193,0.8834321,-6.413185,-8.974746,1.2024008,2.1749904,-1.5778724,5.333693
01,1417.2523,0.0021282977,-719.37946,69.116356,12.223127,24.287367,10.615121,11.088133,2.748399,-2.8110933,-8.260198,4.2461886,3.1495256,-3.0344632,5.15219
01,1272.3517,0.0024813716,-704.80066,62.916454,11.644162,21.798393,7.5285296,9.319738,-0.25668314,-6.306031,-8.013032,1.4976579,1.0483439,-3.9194772,4.884593
02,1296.8729,0.0011737811,-758.505,67.32436,26.203814,24.980007,12.764482,16.556383,0.66160506,1.2376854,-0.29616466,2.5899372,3.8221896,-0.27510098,0.4436157
02,1100.7177,0.0013256625,-744.20105,72.78098,24.093512,26.378986,15.05493,13.426862,0.58829516,0.6203307,-4.100813,4.17407,3.6719184,0.8955102,0.92062974
02,1505.3098,0.0015155133,-738.5635,62.29621,23.084862,28.577156,12.606312,12.887264,4.4254174,-0.4898281,-7.197169,5.271091,1.6572175,-1.5406867,3.3644726
02,1138.169,0.0013019386,-753.2195,63.72345,26.526838,30.90487,13.45772,16.27805,1.9826435,0.39092413,-0.38138723,6.042294,7.107824,0.98126584,1.805175
02,1502.4963,0.002686583,-674.6044,69.135506,14.75174,19.503649,9.512896,10.719618,-3.6831686,-4.3808575,-8.5403805,-3.543768,0.64850855,-8.63365,2.1157131
02,1392.85,0.002178988,-680.2884,64.41693,18.469643,23.471375,14.807119,12.186273,2.585984,1.5898068,-2.1111646,2.5951693,0.3337838,-2.5179765,3.5300756
02,1635.9132,0.0019094929,-700.3929,61.621437,16.980686,23.538042,13.520002,12.606575,-0.519369,-4.6754465,-2.5160286,6.177148,3.35825,-2.3456883,2.3331285
02,1480.2748,0.0023724781,-703.18176,66.35715,20.432516,25.90258,14.337355,12.698691,-1.7259477,-2.050441,-8.252957,1.1598799,-0.7581996,-2.1705377,3.5550604
03,1516.3414,0.0030790768,-653.7886,74.39236,8.322383,11.348934,3.7483206,8.154742,-6.0013266,-5.279405,-7.976395,-1.2269653,5.643142,-5.6507072,-1.2746407
03,1143.2117,0.0042150496,-620.7034,65.76585,7.1538744,17.170689,3.6706786,11.238317,-1.4635776,-3.670237,-4.2807136,-3.2870598,4.248865,-8.081536,-0.10348473
03,1373.4015,0.00233024,-688.4569,78.13203,15.737865,19.704098,5.8113074,17.669943,-2.0204682,-3.310179,-6.1272473,0.24654643,3.3371828,-3.0471015,2.8938231
03,1383.4285,0.00368026,-654.0794,69.5262,3.182496,18.595871,0.6725029,14.328771,0.106471345,-3.1642776,-6.186625,1.9518181,4.6950426,-4.903758,3.983675
03,1479.7427,0.005880666,-589.8053,56.514385,8.00578,12.291095,-0.65920645,6.4381247,-4.2525296,-5.8045864,-7.172017,-0.14448576,6.475973,-4.630664,-0.5421842
03,1687.7195,0.009425949,-512.04504,45.327835,-14.858356,2.5537384,-2.5825565,3.4458961,-11.730611,-15.518188,-8.652678,-3.3532312,2.3326933,-8.222857,-3.5416856
03,1422.416,0.013457891,-496.21652,44.479256,-5.1337423,10.619376,-0.921793,4.3994412,-9.489511,-11.718453,-9.245917,-1.5012846,1.5846655,-9.393461,-0.5877883
03,1499.7557,0.0065555484,-597.3228,54.19757,13.435555,18.300005,0.9876315,6.3637443,-1.902704,-2.335676,-7.223956,-2.5983105,1.653268,-7.3848715,-1.0984824
05,1620.5719,0.009856826,-527.4075,47.9863,-5.806479,12.859312,-0.092045136,-1.0074635,-2.6718624,-4.159374,-9.203556,-3.9634159,4.694654,-5.433742,-0.08250793
05,1511.6279,0.007778774,-555.4774,56.743263,-3.7796617,16.597498,5.283414,2.7290714,-3.629277,-2.840454,-8.249213,-0.7170409,6.021836,-6.601494,1.6466792
05,1641.8452,0.004790492,-588.5234,45.45077,7.311466,14.144736,1.1154832,1.9374492,-4.5257144,-6.2335525,-6.037746,0.62545216,1.1844152,-6.3650956,2.7289824
05,1475.486,0.009589387,-539.57227,53.837452,8.056619,17.697254,1.6958226,-0.39242375,-0.8792995,-2.2433076,-10.379378,-2.0652633,2.2684884,-7.3525105,0.056687046
05,1767.7416,0.03782492,-405.7788,30.750465,-20.098661,7.260508,-7.3632345,-10.16459,-6.5748363,-2.5392826,-11.707138,-4.125695,1.8933975,-9.83238,1.3837938
05,1864.557,0.06790923,-347.855,33.44112,-35.798573,1.0275849,-17.729235,-12.269428,-7.8326936,-3.2187965,-12.785457,-4.541448,5.625282,-10.893543,-0.3196965
05,1968.7603,0.083310395,-307.82556,28.292263,-33.72174,-2.3927777,-15.855716,-10.578614,-11.1157255,-2.9570408,-11.549768,-4.4357586,2.9168048,-11.1946335,0.25848144
05,1915.739,0.038145605,-404.84164,27.947756,-21.580801,9.363354,-7.7175384,-12.304215,-9.229843,-3.6733854,-13.242593,-4.502452,2.7416246,-9.525413,-0.6882434
01,1871.7949,0.0015396196,-716.3534,35.54762,-6.0226827,7.942268,-6.150259,-6.971257,-7.0630217,-11.555156,-4.877772,-4.673671,-2.1677945,-6.6348276,-4.307181
01,1917.7318,0.0021456955,-706.14124,35.002113,-7.671686,9.358679,-6.6919675,-9.426923,-6.437806,-12.181662,-5.5207767,-4.0778794,-5.006567,-4.896059,-5.760537
01,1811.3688,0.0018889824,-727.40466,39.942905,-1.6782708,7.223197,-4.634714,-6.3276267,-6.6741753,-11.066922,-4.136505,-3.850264,-4.059075,-5.6526246,-4.3996983
01,1921.2268,0.0020933335,-709.3892,32.52046,-5.2249227,6.4540405,-5.543657,-8.129785,-7.816564,-12.571193,-3.7953355,-4.843219,-3.8683739,-5.6576858,-4.462496
02,1976.5316,0.0008075318,-790.88794,35.024334,-6.144309,11.189783,-3.7430444,-7.731189,-8.974464,-11.212101,-4.7247114,-5.155792,-3.0792608,-7.415829,-3.0577977
02,1991.253,0.0007389241,-797.79865,32.446922,-6.7139907,6.684239,-4.769311,-5.83923,-9.006455,-10.979172,-6.628823,-4.4473133,-5.2814198,-9.05754,-4.236371
02,1932.9802,0.0005919567,-814.40356,35.418686,3.5164974,7.559879,-0.33657265,-1.5695115,-7.271125,-10.071697,-7.4777517,-4.165861,-5.3041677,-5.3642874,-3.813753
02,1903.9843,0.0008165368,-787.88214,34.851734,2.8157501,6.904305,-1.4044157,-4.3676353,-6.735886,-10.346632,-4.001651,-4.3905635,-2.6138844,-6.8828335,-3.0951364
02,1928.8094,0.0005570401,-823.3475,42.34107,-2.5309718,10.536536,-1.9172184,-5.621395,-8.272224,-9.560358,-4.554913,-5.5561113,-4.464181,-3.8888733,-3.0891764
02,1907.4331,0.0004930463,-818.1348,40.67369,-3.2050636,15.0637665,-0.28101036,-4.9361095,-5.370554,-10.663361,-5.248245,-3.7326784,-4.979526,-6.6168227,-3.4013383
02,1891.0234,0.00058041373,-807.10645,41.267147,2.3186638,10.466209,-0.79680127,-3.9531403,-7.9993057,-11.103649,-3.5931778,-1.0736934,-4.3939247,-4.9376674,-3.4010644
02,1974.7683,0.00044915397,-848.5936,32.29347,1.186075,9.39678,-4.269927,-3.7131581,-6.2824287,-10.420858,-6.60703,-2.972279,-5.8717513,-7.808585,-4.529826
03,1824.7002,0.008219231,-572.8164,34.408527,-14.771352,3.932292,-8.077449,-12.511955,-6.8386207,-15.84443,-9.628416,-4.7358203,-10.0943365,-1.3581773,-9.728367
03,1906.9349,0.004801916,-630.4018,33.548485,-13.2710285,1.9080353,-8.341204,-11.790522,-5.84701,-15.826535,-5.6594796,-8.911412,-4.507062,-3.0241501,-9.143471
03,1948.5729,0.0045800083,-629.4866,37.42071,-2.4512224,10.417361,-3.4824638,-5.3692355,-8.344804,-14.070184,-7.1920824,-7.900625,-7.866289,-3.0695734,-7.3869085
03,1911.1702,0.0034867015,-673.9103,27.615295,-13.983659,-1.5622804,-5.716148,-10.465156,-8.6013565,-17.099241,-7.765978,-7.115991,-5.6261096,-0.8333832,-7.8725924
03,1965.049,0.013482423,-538.0495,27.486654,-34.084827,-3.5412793,-17.587187,-18.483433,-10.359676,-17.461157,-10.396801,-2.9474404,-12.058153,-1.8556169,-9.410997
03,1972.6191,0.013265193,-483.98975,31.332003,-36.66193,-2.526774,-16.020794,-20.133307,-10.0673895,-21.066883,-11.018093,-6.540895,-14.631471,1.1334416,-4.120026
03,1788.7863,0.021214902,-473.65646,22.779186,-27.781593,-2.4766428,-15.722082,-15.869232,-14.930588,-16.87676,-7.820433,-3.133401,-3.3939848,-1.0868931,-2.7694929
03,1976.196,0.032675315,-418.2967,10.282399,-31.424139,-14.007898,-16.701633,-18.26779,-12.180178,-16.12798,-7.386583,1.4613161,3.9191551,12.931555,5.8200073
05,1903.4734,0.0017773005,-718.8174,35.305687,-2.1395128,4.4882774,-4.3577514,-3.5814202,-5.3348975,-11.133236,-5.956143,-7.668054,-2.8542554,-3.802172,-6.8896904
05,1820.7745,0.006962434,-577.73236,27.202396,-10.663376,-4.069108,-9.579174,-7.151253,-5.5385604,-12.176257,-8.965185,-6.5626273,-5.358118,-4.135693,-8.408841
05,1987.3518,0.004010726,-637.98096,29.067953,-14.885405,5.4605374,-9.839303,-8.342687,-11.442345,-15.2401085,-7.317311,-4.1612244,-3.883259,-2.5466647,-6.536671
05,1887.4244,0.009004632,-522.80347,31.8108,-22.78809,-4.722715,-12.351964,-15.021381,-12.539617,-17.151905,-10.308577,-6.2061768,-5.255491,-6.462373,-10.526881
05,1918.974,0.019576084,-427.59357,32.063934,-11.780365,11.589546,-13.965401,-9.615099,-6.647114,-15.024161,-6.474321,-7.2710004,-5.890027,-2.2694185,-5.98047
05,1892.94,0.057079997,-361.089,20.357244,-26.542664,-8.855534,-20.563604,-18.640947,-8.611228,-13.854032,-7.0043,-2.8904357,-3.3327775,0.24253221,-7.1913495
05,1846.2278,0.06206685,-332.71332,20.409544,-24.743662,-12.518737,-15.651565,-15.80243,-6.951442,-10.635042,-7.466793,-5.0746937,-3.8230314,-4.884598,-3.8841436
05,1911.9237,0.016007522,-473.23233,21.334826,-10.114378,6.507585,-10.93503,-5.6334257,-8.835558,-14.495771,-7.6875815,-8.649399,-5.2989783,-5.679678,-7.934989
01,1312.0112,0.0056148465,-593.522,65.67917,3.8455212,12.965606,9.039053,-6.03596,3.4791903,-4.248184,-8.886654,-0.34461358,-0.5867234,-4.0614033,-0.75965095
01,1111.8835,0.0054041264,-598.21796,69.949936,9.131299,16.657465,8.884527,-3.0784862,4.142082,-4.962177,-7.762237,0.7842901,0.8248667,-2.303238,0.2346364
01,1441.1355,0.0064308466,-608.67285,69.2496,3.9284785,13.504942,8.574531,-2.6180897,2.375959,-6.7859535,-10.046229,-0.8034253,0.459654,-3.152498,-3.0551007
01,1465.9441,0.005138599,-611.5813,67.66455,3.43591,12.832648,10.667484,-0.68198806,0.52649236,-7.356468,-8.93383,0.528709,-0.4037076,-2.5529938,-0.7624837
02,1368.1686,0.0036106515,-635.5427,78.01568,10.508265,16.849632,12.388648,-1.1890785,2.3835762,-5.83921,-5.2632785,0.7450459,2.8218641,-1.38472,0.84464806
02,1554.8401,0.0044193757,-609.8963,77.64435,4.5322194,14.75197,12.104192,-5.938866,1.3100802,-6.503903,-7.2347856,0.3692596,0.5305227,-2.9250119,0.9224162
02,1145.4467,0.0043076305,-643.26013,77.62539,17.36073,20.897846,15.753915,3.086104,6.1825495,-4.6754847,-2.7503662,2.0318856,2.8997517,0.9410002,3.3794205
02,1137.1807,0.004172996,-628.5015,78.78504,11.820985,20.80819,16.61766,1.8816898,0.6173061,-5.4521565,-3.0151863,2.8396616,2.1808121,-1.683406,2.1277368
02,1645.7056,0.003678836,-613.26483,71.52392,3.860564,20.973902,11.693526,-0.62716705,1.1723781,-6.5906587,-3.5316796,1.9243115,3.1850498,-1.7410965,1.7131972
02,1737.6051,0.0037807785,-593.54785,74.188545,-1.7872577,20.155338,9.931462,-2.8597348,-0.4334415,-9.541703,-7.475095,1.6761215,1.4608653,-4.024308,-0.17148785
02,1686.362,0.0048080864,-590.59656,70.0079,1.4231657,17.864353,14.092059,-4.778455,2.357944,-8.790384,-7.766895,1.683153,0.46800214,-3.041691,1.596033
02,1699.4355,0.00419633,-608.0181,76.910805,-1.7398641,18.734133,12.785912,-1.1995991,-1.98543,-10.171738,-6.2175975,0.4927118,-1.0543064,-2.61252,0.29704723
03,1503.9955,0.0072199265,-577.3719,62.684036,-3.1188447,13.210939,7.984893,-6.3764486,-1.3685364,-6.1890464,-9.481478,0.8019969,-2.6025925,-4.7801085,-0.06561106
03,1521.348,0.008034192,-571.6765,65.347565,-6.9428353,14.912702,12.832798,-6.8796563,-0.42680535,-4.33945,-10.359017,2.245116,-1.1697421,-5.2371945,0.73737967
03,1640.672,0.010121296,-549.6603,65.37474,-10.739662,17.20938,9.080263,-7.295665,-3.4442737,-9.699301,-11.155635,0.72051895,-4.3185973,-6.163099,0.32032937
03,1624.4565,0.008599942,-578.7637,65.38314,-6.976967,12.738157,7.1540933,-3.815537,-5.1342335,-9.445828,-9.314979,-0.16907074,-2.8909113,-5.2850833,-1.0272042
03,1773.6996,0.018912166,-479.39514,55.127827,-16.727932,12.098016,4.379314,-12.06254,-4.0588937,-5.551989,-15.203384,-1.1661336,-4.125969,-9.760889,-0.3362671
03,1722.7688,0.01733699,-488.80295,51.4028,-16.119652,10.139318,6.9788623,-11.043946,-3.5821137,-4.321379,-16.318949,-0.60271335,-4.239184,-9.049331,-1.3807313
03,1689.3579,0.017109351,-501.41504,60.548767,-11.125347,9.911538,5.790588,-9.850237,-6.3869743,-7.4223495,-13.895755,0.70180136,-4.6989193,-7.7273793,-0.6815581
03,1662.8334,0.022049628,-456.24246,52.5364,-15.026608,10.117497,2.2603636,-11.237265,-6.025092,-6.554767,-16.307138,-1.8982928,-4.601019,-9.430439,-0.8956692
05,1767.0414,0.027826156,-440.33414,47.68768,-16.02345,13.288108,6.34553,-12.808205,-2.738463,-7.26359,-18.636337,-0.04570425,-2.0919187,-9.347504,-2.4809852
05,1705.6053,0.02617392,-448.5653,49.19557,-14.881627,12.763189,7.8369665,-12.23169,-0.8727009,-5.4896016,-17.85224,-0.118681505,-1.9029675,-9.247883,-2.9045434
05,1812.6979,0.034668624,-412.92355,43.382248,-10.774095,10.61818,3.895143,-11.955716,-2.4560623,-6.190099,-17.141657,-3.027291,-3.088627,-10.72319,-3.1470056
05,1719.9525,0.032308336,-446.50964,48.57398,-12.885489,13.018612,6.3873663,-12.242323,-2.105268,-7.4164176,-19.165827,-0.22982247,-2.6778967,-11.928756,-2.6589549
05,1928.9698,0.06125763,-351.94043,43.042053,-19.995459,8.64041,5.344912,-14.755811,-6.1728115,-3.3973556,-15.82244,0.27129292,-1.4513111,-8.931525,-2.5629175
05,1872.9219,0.05670242,-376.34265,44.327324,-25.803236,8.432765,5.484148,-10.9594345,-8.376332,-6.7583528,-16.790115,0.69538355,-1.698437,-10.535039,-1.8131853
05,1811.1461,0.046004854,-383.11816,39.334785,-15.987203,7.0750856,3.7170417,-12.536364,-4.048219,-8.447647,-17.484186,-1.1906745,-3.7148957,-10.190802,-3.851799
05,1918.1044,0.0538869,-376.01346,37.209133,-20.613798,7.97323,3.630531,-14.364474,-6.5494914,-7.6373444,-17.275866,-1.9308628,-3.2985387,-9.284761,-2.523698
01,1679.4548,0.0022355262,-700.95215,53.937096,2.6433222,5.049772,5.1998253,-2.861731,-3.8316195,-6.8061633,-10.53274,-3.214916,-1.7342288,-5.7512674,0.74105585
01,1810.125,0.002499474,-668.72736,41.59882,-0.99996966,2.6773412,5.7897253,-5.4733486,-8.640135,-7.8972006,-9.882269,-1.498172,-2.3631988,-6.644573,-2.2719715
01,1619.3774,0.0027106374,-687.8916,52.303,1.6305002,0.8384828,4.3230214,-1.8077891,-8.304306,-10.773336,-9.619626,-0.3113284,-1.8227674,-8.277744,-1.6907357
01,1743.833,0.0025185845,-681.3661,47.36334,2.211664,4.895428,5.1258516,-0.5275525,-4.607456,-12.385925,-10.945095,0.06875521,-1.387341,-7.556114,-1.1137387
02,1756.2588,0.0015883546,-703.8214,42.694042,5.509784,7.2042475,4.0646715,-0.6611048,-6.859797,-6.3105006,-7.245787,-1.7070695,-2.8430564,-7.3908467,-0.3512665
02,1812.9749,0.0016755883,-679.67957,48.11774,-1.3433053,7.509073,5.020685,-1.8707812,-5.726465,-7.6431584,-8.765848,-1.1732962,-1.0272201,-6.8811707,0.30120096
02,1743.1921,0.0022666645,-690.7694,47.764896,1.7343911,2.7291086,3.183186,-2.0525472,-8.888068,-9.426842,-6.5409284,-0.4739355,-2.6947327,-8.704691,-0.52247316
02,1651.3754,0.0019693095,-678.02606,47.585075,-0.7816691,4.926265,4.2046075,1.8573166,-6.7012324,-11.750851,-8.971134,2.3158202,-2.713595,-8.550249,-0.474781
02,1763.0485,0.0015735751,-685.9486,46.628357,-0.61661685,7.0245605,4.577231,-1.5846336,-4.5624285,-4.7432914,-5.8855915,-0.43222338,-1.6418228,-7.5987754,-1.5000653
02,1769.6646,0.0019327604,-687.39594,46.098213,2.4876246,6.631657,1.7884074,-2.9258611,-6.880581,-4.6066375,-5.154255,0.29401574,-3.866409,-6.6063786,1.1844165
02,1671.9159,0.0017129987,-685.6952,59.49444,-7.3695745,2.7693162,0.5752311,1.9736763,-5.251278,-10.86035,-10.272998,0.8121592,-1.5742985,-9.098584,-1.9850122
02,1757.3109,0.0017327724,-676.11896,53.97944,-2.4827023,7.220383,-0.029286953,-1.3109968,-6.9163723,-12.458698,-10.361002,-0.42590612,-2.72083,-8.527372,-0.43307185
03,1804.1384,0.0037856398,-630.66797,56.892548,-8.458186,1.2428772,4.3473682,-4.839707,-9.982684,-11.162387,-10.443463,-1.7770438,-5.8961363,-8.825102,-2.0465615
03,1850.7471,0.0037283464,-650.00916,47.640152,-15.270755,-1.2445319,4.1122017,-8.14075,-11.0693655,-11.830377,-10.709128,-0.79928607,-6.374838,-7.696671,-1.9985814
03,1659.2378,0.0040785507,-637.4518,44.204132,-4.0248103,-0.32442933,0.36266625,-6.112728,-10.918943,-11.571305,-11.5622835,-0.6315653,-5.387965,-8.156667,-2.1418743
03,1670.0199,0.0041377326,-642.439,46.129547,-3.0895844,-2.7058127,2.9349377,-2.647074,-10.178944,-10.591899,-10.304955,-0.06707875,-5.3941054,-7.8716416,-0.30215925
03,1799.856,0.014777678,-495.20682,33.357094,-21.610195,-7.6549253,-5.631413,-12.533738,-14.770958,-11.356814,-16.127693,-2.483287,-6.0123672,-10.033106,-6.721359
03,1729.1283,0.01372385,-497.52267,35.86282,-14.676251,-4.99577,-1.3775098,-10.426267,-15.622965,-12.20968,-14.318302,-3.152851,-5.741554,-12.223312,-4.614457
03,1692.4995,0.014525064,-496.13885,27.612673,-6.0202093,-7.9171457,-2.5657759,-8.113092,-14.132929,-13.038235,-16.511257,-1.6814696,-9.784535,-12.2597,-4.6935596
03,1712.9338,0.012423114,-521.55963,34.555458,-15.537922,-8.6179905,-0.3022301,-11.491046,-14.852653,-14.168187,-14.408215,-0.5633162,-8.015697,-12.11956,-4.5219727
05,1786.5663,0.005127794,-583.90643,42.217827,-3.0780518,3.3369973,-1.3162719,-7.402388,-8.949333,-8.416864,-10.623348,-2.1647465,-2.1453888,-9.656665,-0.011362123
05,1627.0416,0.0054437574,-615.4106,46.959198,-0.9285113,3.7162766,-0.27560776,-7.20735,-7.8782854,-5.3477106,-10.995151,-1.4852396,-2.414243,-7.621165,-0.4348611
05,1592.6482,0.007044286,-575.15137,41.953957,-8.880159,0.44129953,-3.5544503,-6.8302712,-10.267395,-8.972639,-12.71644,-1.3298992,-3.1400533,-9.319419,-0.23345773
05,1677.9796,0.008427718,-545.8357,41.533684,-7.3006573,0.50265396,-3.9888642,-8.616607,-9.156188,-10.606966,-15.65288,-3.5377724,-4.180203,-12.164621,-2.2517207
05,1844.8788,0.018958624,-477.49542,31.65236,-15.723453,-0.05754336,-4.583506,-13.990733,-9.751677,-10.938259,-12.77445,-1.4167737,-7.131607,-8.414631,-3.28881
05,1745.2894,0.01818167,-490.04456,36.140594,-15.646406,-1.3195632,-4.8829427,-11.042762,-9.95633,-8.457946,-15.047287,-2.3688962,-5.2760587,-10.157473,-3.4832554
05,1695.4885,0.03230261,-433.71054,23.460344,-14.926406,-2.2148595,-6.2717786,-12.586202,-8.922878,-12.805514,-17.063448,-2.9585307,-7.0008793,-9.483854,-3.4631028
05,1737.8198,0.031074313,-444.51175,23.55913,-19.74517,-3.439577,-7.824494,-14.59892,-9.972017,-15.084333,-16.766672,-3.0259383,-5.276127,-11.689061,-2.7964218
01,1717.6915,0.004705368,-644.43164,61.691525,-4.231187,8.771251,12.1218815,-6.0974197,-3.8225849,-4.3866315,-9.309088,-5.8884745,0.7016768,-5.022706,-1.469171
01,1468.7612,0.005448015,-618.1251,60.08544,-5.9364605,9.629848,15.576269,-5.681223,0.3756474,-1.1077001,-8.532423,-3.5218263,2.7712193,-2.639181,-0.4374926
01,1740.4464,0.005910362,-629.0704,53.560932,-8.102326,5.5567245,12.019091,-8.496997,-1.646339,-4.407569,-10.663366,-5.355664,0.3718498,-4.156769,-2.649082
01,1696.217,0.005913061,-624.06793,60.9852,-3.7822177,6.2200713,13.613946,-7.6226482,-2.3313706,-5.360916,-10.936716,-4.432464,-0.107853904,-4.510958,-2.4750173
02,1662.5254,0.0026179643,-685.507,60.61934,5.417887,10.200163,11.650068,-1.3135139,0.745172,-1.5428978,-4.994078,-2.6925097,0.6017492,-3.1867583,-3.7814999
02,1730.2596,0.0024604357,-701.3326,57.646175,3.8361917,10.2832365,10.145627,-0.19814071,-2.0218136,-4.2318363,-5.3013124,-4.8030105,1.5717973,-3.9689524,-2.8058405
02,1752.9902,0.0036716354,-658.5932,55.000202,-0.9967222,7.8117285,7.228482,-3.1956055,-2.2122512,-4.147455,-7.0441313,-3.7637987,1.0247537,-4.7803006,-3.9157484
02,1680.3464,0.0034725918,-658.3545,54.910378,0.4519223,8.76816,8.608638,-3.2388394,-2.8554947,-3.4439256,-7.802436,-3.3701437,-0.17169207,-3.9952908,-4.0146327
02,1609.5739,0.0031623684,-663.644,64.28199,1.8897142,8.73936,9.302442,-0.2450208,-4.332836,-3.8282342,-6.077726,-4.584789,2.227942,-5.19119,-3.4642951
02,1641.2649,0.0027033603,-682.7604,64.57318,3.8269804,8.614511,10.934704,1.3239844,-3.1505651,-4.8213334,-5.357705,-4.1992226,2.7529063,-4.3595905,-2.7455368
02,1687.2336,0.0029118378,-677.5924,58.643333,0.77077645,9.748231,12.153469,-0.25173572,-3.1879003,-6.0430527,-7.566854,-2.4369035,1.6436355,-3.646301,-3.9111226
02,1682.2246,0.0037966135,-652.31665,59.998928,0.20387548,9.32927,9.997243,-0.20183052,-2.6218348,-4.9059205,-8.254893,-3.282379,2.552787,-6.3208117,-4.726073
03,1835.0914,0.005623527,-638.53723,47.41588,-8.420136,4.0772505,5.1239715,-5.845614,-5.6604176,-7.539271,-11.5266695,-5.461642,-2.8636777,-4.445194,-4.040187
03,1686.4204,0.0087375175,-583.2825,43.210587,-7.083607,2.0803914,4.319869,-5.281988,-5.243834,-6.440219,-10.22208,-4.2672076,-3.1349652,-4.9747076,-3.0159662
03,1762.5801,0.0067903935,-608.44824,42.862293,-7.122563,3.526419,4.9858174,-5.6676626,-6.3956475,-8.578726,-12.112078,-3.922924,-2.6027038,-5.5223503,-2.9190989
03,1786.7545,0.006544837,-611.7603,43.287296,-3.3578653,5.164882,5.579363,-4.9414654,-5.7612977,-6.2023244,-12.842966,-3.248246,-3.0515819,-4.52751,-3.2447305
03,1765.8325,0.017458824,-508.49542,30.203592,-12.217266,-2.0694795,-2.1832128,-6.817925,-8.86273,-6.028694,-11.231116,-5.776505,-3.5570552,-5.809496,-5.7539144
03,1842.3488,0.018616304,-504.24014,30.646584,-13.686867,-2.7385752,-3.334957,-7.490461,-9.829236,-6.7409105,-10.799126,-7.2040305,-4.024677,-4.6614103,-6.9430246
03,1892.0215,0.016903643,-517.1777,31.994772,-10.639786,-3.7197075,-3.7733574,-8.749662,-10.088323,-5.0387073,-14.403889,-4.8674116,-3.2394624,-6.210694,-4.835205
03,1911.2346,0.014652548,-544.75616,36.535534,-9.965968,-0.021955326,-2.1545026,-8.839379,-8.041413,-5.66882,-14.599719,-5.107197,-2.8365676,-6.8666105,-4.7259607
05,1907.8823,0.013065429,-550.93805,40.108315,-10.376297,1.7373773,-0.37266096,-5.9424195,-4.667178,-4.97708,-11.824296,-5.8419127,-2.5122612,-6.3770385,-3.9932127
05,1809.1793,0.01376588,-535.94666,40.158253,-10.046415,3.3634567,-0.18323682,-6.009483,-6.3400364,-4.6299458,-11.628329,-6.248601,-1.9908895,-6.8625803,-4.241315
05,1746.5021,0.013191759,-550.0766,40.3116,-8.256923,1.8153487,1.653818,-6.255772,-4.4693904,-5.262415,-9.867413,-5.6863513,-3.7085931,-6.2167735,-4.1688914
05,1928.0822,0.012876862,-551.2705,37.61826,-9.374416,2.107903,-1.989678,-7.1516385,-8.127361,-3.8578131,-12.298933,-7.685091,-2.6533031,-8.165835,-6.3744617
05,1738.8773,0.036771137,-422.7538,28.812597,-15.771175,-0.7571278,-6.4953947,-7.148751,-7.453115,-4.163331,-9.180767,-8.224829,-3.3682988,-3.5463402,-5.4262805
05,1587.8574,0.036855843,-442.8406,28.982008,-17.222452,-2.2360399,-5.3674173,-8.364563,-6.042027,-5.6550603,-9.11515,-6.777093,-4.557921,-4.5813584,-4.4506745
05,1388.036,0.044030823,-403.66873,22.193514,-17.27593,-3.4200919,-5.4343357,-5.5468307,-6.742002,-7.1334167,-7.848795,-6.4352965,-4.29881,-4.22214,-3.1660428
05,1714.7853,0.03758205,-405.9521,23.088606,-14.773434,-2.690211,-5.1343284,-8.06966,-6.6753125,-5.9954653,-9.99263,-7.6992598,-3.8892353,-6.66998,-4.7240868
01,1867.6173,0.0025458573,-686.895,43.229652,-7.451457,1.047713,-8.075271,-7.687416,-11.267945,-12.600429,-8.550982,-6.6951265,-8.587321,-3.2837577,-6.1321955
01,1934.575,0.0023510337,-687.37134,41.4647,-12.51162,1.755123,-8.262719,-9.812841,-10.318781,-13.119346,-8.123955,-5.753302,-9.840951,-3.3610435,-5.573746
01,1849.0624,0.0029253694,-682.3356,44.06828,-7.0258465,3.9520953,-8.574372,-5.297753,-11.913534,-11.952754,-6.152075,-5.495942,-6.811165,-0.5915794,-6.914684
01,1872.323,0.0034636843,-678.4142,39.417255,-4.9932504,3.8817723,-8.206425,-5.663401,-15.264033,-12.449848,-7.984609,-6.2240953,-8.62539,-1.706178,-4.5373964
02,1929.0533,0.0013747382,-740.86554,40.050896,-3.2298348,3.451206,-3.6551597,-5.564048,-11.35134,-13.256773,-9.016317,-6.9514685,-7.9516444,-4.0280566,-8.392142
02,1899.749,0.0014702068,-745.6304,44.12577,-1.0390854,3.2469254,-6.558686,-5.7003274,-8.623988,-11.146694,-9.31867,-4.8385262,-7.7087812,-3.628819,-7.7005653
02,2000.1384,0.0016238657,-730.6705,38.349815,2.6743178,9.384072,-5.97962,-3.0296078,-11.018359,-9.151866,-7.464394,-5.854757,-5.191709,-2.5191557,-7.5516753
02,1870.6002,0.0024201067,-694.07874,41.272892,2.5895433,0.97802657,-1.3528315,-3.845079,-12.700678,-8.642835,-9.364194,-5.1982965,-8.834534,-1.8646567,-6.114938
02,1937.0802,0.002677708,-676.8508,41.95894,-10.863037,-0.34942997,-7.2215223,-7.9425664,-11.536243,-10.5622225,-8.527441,-6.7214274,-7.95543,-2.7572424,-7.1066294
02,1857.6426,0.0018659893,-692.6512,45.200306,-4.0402927,5.898607,-4.109044,-5.049538,-8.99442,-9.021422,-9.163706,-7.9430766,-4.1482553,-4.247138,-8.246029
02,1886.4158,0.0020875018,-708.79987,48.70096,1.1222211,0.025111232,-7.6219707,-7.2248373,-12.1101675,-8.403195,-12.154092,-7.8486776,-6.258115,-3.7247784,-8.050488
02,1928.6583,0.0023971773,-683.8466,41.36717,-2.7677119,1.0234827,-4.020317,-7.462221,-11.155665,-7.080594,-11.4290285,-7.604132,-5.253399,-5.041177,-7.5399384
03,1901.0574,0.0033517021,-659.3542,41.27354,-11.070027,1.1593094,-6.558924,-8.341078,-9.272998,-8.439029,-9.55743,-6.666582,-9.832862,-1.3089201,-7.7530394
03,1891.1663,0.003472526,-654.6074,44.213326,-15.168289,4.616413,-4.778446,-8.689507,-8.638118,-9.353244,-8.1070595,-4.3429866,-10.441539,-0.5685136,-6.587171
03,1878.7495,0.0033635611,-676.5234,48.59353,-13.861475,-0.56483346,-5.9279146,-7.0754175,-10.60254,-9.704247,-7.686184,-5.8401027,-6.9947495,-0.8273078,-6.848547
03,1945.9712,0.0054703355,-611.13446,33.09898,-16.204868,1.0088569,-8.298964,-9.565986,-13.517891,-8.574171,-9.072193,-7.55817,-7.331517,-1.5948383,-8.245952
03,1923.8984,0.01036061,-530.68146,33.450493,-21.651716,5.746669,-10.314515,-15.32931,-6.339697,-10.826221,-5.680858,-3.020882,-9.400641,3.4745445,-7.526514
03,1908.5419,0.01051424,-527.19257,33.262062,-19.868982,10.140082,-7.8981094,-11.125276,-5.2347436,-8.587011,-4.970521,-1.5723712,-8.418208,4.873899,-1.8657765
03,1941.5304,0.011219266,-543.256,28.837587,-20.076199,2.0553439,-11.486953,-14.747632,-12.2406645,-11.390851,-11.414214,-3.2778869,-9.38878,0.5082723,-9.591918
03,1935.3805,0.018169643,-505.67664,19.306393,-21.616108,-4.345455,-14.986018,-15.212789,-12.576386,-9.631833,-9.9085,-4.6373777,-11.375296,-2.0968966,-8.963337
05,1785.1907,0.014388265,-503.42288,33.387264,-18.306717,0.44974375,-14.748362,-11.700937,-5.44284,-12.043738,-7.9435916,-1.2103256,-9.756537,1.8145663,-4.929035
05,1891.2283,0.016188944,-509.61325,29.779303,-17.598513,-0.19397996,-11.725772,-10.995877,-7.6087804,-8.69517,-8.918422,-1.5707941,-7.555244,0.28863484,-3.0935087
05,1808.7725,0.012227468,-528.6269,32.57751,-15.365543,3.4641118,-10.2411,-9.941857,-6.8192363,-12.840427,-8.873047,-2.4077847,-6.1658263,1.6382082,-3.2417269
05,1740.3916,0.01728793,-494.49957,34.325382,-18.356138,-2.8566945,-10.407724,-16.314323,-9.830278,-13.875593,-11.356426,-0.64249355,-7.2248077,0.5911659,-5.701363
05,1787.3657,0.031035282,-423.40808,25.316696,-17.944517,1.3509259,-19.22149,-13.422459,-4.7365127,-12.140578,-8.731767,-3.3207233,-11.284228,3.5621173,-8.182068
05,1860.3251,0.023599047,-462.50696,27.337797,-20.461271,0.46930254,-15.593477,-13.290202,-5.6773925,-11.061947,-9.797987,-0.5935833,-11.921848,3.2789938,-4.9567366
05,1738.5182,0.01753467,-494.3059,33.102554,-11.642544,-2.2662063,-12.71741,-9.615491,-8.963362,-12.096249,-9.547089,-2.685419,-7.2583795,4.537061,-5.4538794
05,1690.2291,0.019489259,-490.5031,23.53985,-16.328259,-0.10221613,-18.963531,-9.061004,-7.4005065,-12.254005,-8.472662,-3.595176,-8.703732,3.1439538,-6.5320115
